row,question_orig,question_fix,lbl_orig,lbl_fix
1,CARD,CARD,CARD,CARD
2,DECK,DECK,DECK,DECK
3,BALLOT,BALLOT,BALLOT,BALLOT
4,FORM,FORM,FORM,FORM
5,S40O.Q1,S40O.Q1, WHAT IS YOUR PRESENT GRADE?, WHAT IS YOUR PRESENT GRADE?
6,S40O.Q2,S40O.Q2, WHAT IS YOUR MAIN COMPANY JOB?, WHAT IS YOUR MAIN COMPANY JOB?
7,S40O.Q3,S40O.Q3, HOW LONG HAVE YOU BEEN ON ACTIVE SERVICE AS A COMMISSIONED OFFICER IN THE ARMY?, HOW LONG HAVE YOU BEEN ON ACTIVE SERVICE AS A COMMISSIONED OFFICER IN THE ARMY?
8,S40O.Q4A,S40O.Q4A, SERVED AS 2ND LIEUTENANT?, SERVED AS 2ND LIEUTENANT?
9,S40O.Q4B,S40O.Q4B, SERVED AS 1ST LIEUTENANT?, SERVED AS 1ST LIEUTENANT?
10,S40O.Q4C,S40O.Q4C, SERVED AS CAPTAIN?, SERVED AS CAPTAIN?
11,S40O.Q5,S40O.Q5, HOW OLD WERE YOU ON YOUR LAST BIRTHDAY?, HOW OLD WERE YOU ON YOUR LAST BIRTHDAY?
12,S40O.Q6,S40O.Q6, IN WHICH STATE DID YOU LIVE DURING MOST OF THE LAST FIVE YEARS OF YOUR CIVILIAN LIFE?, IN WHICH STATE DID YOU LIVE DURING MOST OF THE LAST FIVE YEARS OF YOUR CIVILIAN LIFE?
13,S40O.Q7,S40O.Q7, HOW MUCH EDUCATION HAVE YOU HAD?, HOW MUCH EDUCATION HAVE YOU HAD?
14,S40O.Q7A.n,S40O.Q7A.n," IF YOU WENT BEYOND HIGH SCHOOL, WHAT KIND OF COURSES WERE YOU TAKING WHEN YOU LAST ATTENDED SCHOOL?"," IF YOU WENT BEYOND HIGH SCHOOL, WHAT KIND OF COURSES WERE YOU TAKING WHEN YOU LAST ATTENDED SCHOOL?"
15,S40O.Q8.x,S40O.Q8.x," ARE YOU SINGLE, MARRIED, DIVORCED, WIDOWED OR SEPARATED?  Q.9. IF YOU ARE MARRIED, DID YOU GET MARRIED BEFORE OR AFTER ENTERING THE ARMY?"," ARE YOU SINGLE, MARRIED, DIVORCED, WIDOWED OR SEPARATED?  Q.9. IF YOU ARE MARRIED, DID YOU GET MARRIED BEFORE OR AFTER ENTERING THE ARMY?"
16,S40O.Q10,S40O.Q10," IF YOU ARE OR HAVE BEEN MARRIED, HOW MANY CHILDREN DO YOU HAVE?"," IF YOU ARE OR HAVE BEEN MARRIED, HOW MANY CHILDREN DO YOU HAVE?"
17,S40O.Q11,S40O.Q11, WHAT ARM OR SERVICE ARE YOU IN?, WHAT ARM OR SERVICE ARE YOU IN?
18,S40O.Q12,S40O.Q12, HOW DID YOU RECEIVE YOUR COMMISSION?, HOW DID YOU RECEIVE YOUR COMMISSION?
19,S40O.Q13,S40O.Q13, HOW WERE YOU TAKEN INTO THE ARMY?, HOW WERE YOU TAKEN INTO THE ARMY?
20,S40O.Q14,S40O.Q14, HOW MUCH ACTIVE SERVICE DID YOU SEE AS AN ENLISTED MAN BEFORE YOU RECEIVED YOUR COMMISSION?, HOW MUCH ACTIVE SERVICE DID YOU SEE AS AN ENLISTED MAN BEFORE YOU RECEIVED YOUR COMMISSION?
21,S40O.Q15.1,S40O.Q15.1, WHAT ARM OR SERVICE WERE YOU IN AS AN ENLISTED MAN?, WHAT ARM OR SERVICE WERE YOU IN AS AN ENLISTED MAN?
22,S40O.Q15.2,S40O.Q15.2, WHAT ARM OR SERVICE WERE YOU IN AS AN ENLISTED MAN?  17, WHAT ARM OR SERVICE WERE YOU IN AS AN ENLISTED MAN?
23,S40O.Q15.3,S40O.Q15.3, WHAT ARM OR SERVICE WERE YOU IN AS AN ENLISTED MAN?  1186, WHAT ARM OR SERVICE WERE YOU IN AS AN ENLISTED MAN?
24,S40O.Q15.4,S40O.Q15.4, WHAT ARM OR SERVICE WERE YOU IN AS AN ENLISTED MAN?  416, WHAT ARM OR SERVICE WERE YOU IN AS AN ENLISTED MAN?
25,S40O.Q15.5,S40O.Q15.5, WHAT ARM OR SERVICE WERE YOU IN AS AN ENLISTED MAN?  12, WHAT ARM OR SERVICE WERE YOU IN AS AN ENLISTED MAN?
26,S40O.Q15.6,S40O.Q15.6, WHAT ARM OR SERVICE WERE YOU IN AS AN ENLISTED MAN?  44, WHAT ARM OR SERVICE WERE YOU IN AS AN ENLISTED MAN?
27,S40O.Q15.7,S40O.Q15.7, WHAT ARM OR SERVICE WERE YOU IN AS AN ENLISTED MAN?  3, WHAT ARM OR SERVICE WERE YOU IN AS AN ENLISTED MAN?
28,S40O.Q15.8,S40O.Q15.8, WHAT ARM OR SERVICE WERE YOU IN AS AN ENLISTED MAN?  23, WHAT ARM OR SERVICE WERE YOU IN AS AN ENLISTED MAN?
29,S40O.Q15.9,S40O.Q15.9, WHAT ARM OR SERVICE WERE YOU IN AS AN ENLISTED MAN?  8, WHAT ARM OR SERVICE WERE YOU IN AS AN ENLISTED MAN?
30,S40O.Q15.10,S40O.Q15.10, WHAT ARM OR SERVICE WERE YOU IN AS AN ENLISTED MAN?  24, WHAT ARM OR SERVICE WERE YOU IN AS AN ENLISTED MAN?
31,S40O.Q15.11,S40O.Q15.11, WHAT ARM OR SERVICE WERE YOU IN AS AN ENLISTED MAN?  114, WHAT ARM OR SERVICE WERE YOU IN AS AN ENLISTED MAN?
32,S40O.Q15.12,S40O.Q15.12, WHAT ARM OR SERVICE WERE YOU IN AS AN ENLISTED MAN?  469, WHAT ARM OR SERVICE WERE YOU IN AS AN ENLISTED MAN?
33,S40O.Q16,S40O.Q16, WHAT WAS THE HIGHEST GRADE THAT YOU HELD AS AN ENLISTED MAN BEFORE YOU WENT TO OCS?, WHAT WAS THE HIGHEST GRADE THAT YOU HELD AS AN ENLISTED MAN BEFORE YOU WENT TO OCS?
34,S40O.Q17,S40O.Q17, WHAT WAS YOUR MAIN CIVILIAN OCCUPATION?, WHAT WAS YOUR MAIN CIVILIAN OCCUPATION?
35,S40O.Q18,S40O.Q18," WHAT KIND OF WORK WOULD YOU LIKE TO DO AFTER THE WAR? (IF YOU HAVE NO IDEA, JUST SAY SO.)"," WHAT KIND OF WORK WOULD YOU LIKE TO DO AFTER THE WAR? (IF YOU HAVE NO IDEA, JUST SAY SO.)"
36,S40O.Q19,S40O.Q19, WHAT KIND OF A CHANCE DO YOU THINK YOU WILL HAVE OF ACTUALLY DOING THIS KIND OF WORK?, WHAT KIND OF A CHANCE DO YOU THINK YOU WILL HAVE OF ACTUALLY DOING THIS KIND OF WORK?
37,S40O.Q19A.n,S40O.Q19A.n," IF YOU THINK YOUR CHANCE IS POOR, PLEASE TELL WHY:"," IF YOU THINK YOUR CHANCE IS POOR, PLEASE TELL WHY:"
38,S40O.Q20A.x,S40O.Q20A.x," BEFORE THE WAR, DID YOU HAVE THE SAME JOB PLANS FOR THE FUTURE THAT YOU HAVE NOW?  Q.20B. IF BEFORE THE WAR YOUR JOB PLANS WERE DIFFERENT THAN NOW, WHAT DID YOU THEN HAVE IN MIND?"," BEFORE THE WAR, DID YOU HAVE THE SAME JOB PLANS FOR THE FUTURE THAT YOU HAVE NOW?  Q.20B. IF BEFORE THE WAR YOUR JOB PLANS WERE DIFFERENT THAN NOW, WHAT DID YOU THEN HAVE IN MIND?"
39,S40O.Q21,S40O.Q21, DO YOU FEEL THAT YOU NEED ANY MORE FORMAL EDUCATION IN ORDER TO DO THE KIND OF WORK THAT YOU WANT TO DO AFTER THE WAR?, DO YOU FEEL THAT YOU NEED ANY MORE FORMAL EDUCATION IN ORDER TO DO THE KIND OF WORK THAT YOU WANT TO DO AFTER THE WAR?
40,S40O.Q22,S40O.Q22, DO YOU THINK YOU WILL GO BACK TO SCHOOL OR COLLEGE AFTER THE WAR?, DO YOU THINK YOU WILL GO BACK TO SCHOOL OR COLLEGE AFTER THE WAR?
41,S40O.Q23,S40O.Q23," IF YOU PLAN TO GO TO A COLLEGE OR UNIVERSITY AFTER THE WAR, HOW IMPORTANT WOULD IT BE TO YOU IF UNIVERSITIES WOULD AGREE TO GIVE OFFICERS ACADEMIC CREDIT FOR THEIR COURSES TAKEN IN OCS AND OTHER ARMY SCHOOLS?"," IF YOU PLAN TO GO TO A COLLEGE OR UNIVERSITY AFTER THE WAR, HOW IMPORTANT WOULD IT BE TO YOU IF UNIVERSITIES WOULD AGREE TO GIVE OFFICERS ACADEMIC CREDIT FOR THEIR COURSES TAKEN IN OCS AND OTHER ARMY SCHOOLS?"
42,S40O.Q24,S40O.Q24, HOW MANY OF THE INSTRUCTIONS AND DIRECTIVES HANDED DOWN TO YOU ARE SUFFICIENTLY CLEAR AND PRECISE TO ENABLE YOU TO CARRY THEM OUT EFFECTIVELY?, HOW MANY OF THE INSTRUCTIONS AND DIRECTIVES HANDED DOWN TO YOU ARE SUFFICIENTLY CLEAR AND PRECISE TO ENABLE YOU TO CARRY THEM OUT EFFECTIVELY?
43,S40O.Q24A.n,S40O.Q24A.n, WHAT SPECIFIC IMPROVEMENTS WOULD YOU SUGGEST?, WHAT SPECIFIC IMPROVEMENTS WOULD YOU SUGGEST?
44,S40O.Q25,S40O.Q25, HOW MUCH ASSISTANCE IN THE CONDUCT OF YOUR JOB DO YOU RECEIVE FROM YOUR SUPERIORS?, HOW MUCH ASSISTANCE IN THE CONDUCT OF YOUR JOB DO YOU RECEIVE FROM YOUR SUPERIORS?
45,S40O.Q25A.n,S40O.Q25A.n," IF ""TOO LITTLE"", WHAT SPECIFIC ASSISTANCE WOULD YOU LIKE?"," IF ""TOO LITTLE"", WHAT SPECIFIC ASSISTANCE WOULD YOU LIKE?"
46,S40O.Q26,S40O.Q26, DO YOU FEEL THAT YOU HAVE RECEIVED OR ARE RECEIVING SUFFICIENT TRAINING FOR THE KINDS OF JOBS YOU HAVE TO DO?, DO YOU FEEL THAT YOU HAVE RECEIVED OR ARE RECEIVING SUFFICIENT TRAINING FOR THE KINDS OF JOBS YOU HAVE TO DO?
47,S40O.Q27,S40O.Q27, DO YOU FEEL THAT YOU HAVE AS FULL AN UNDERSTANDING OF THE PURPOSE AND FUNCTIONS OF ALL THE DIFFERENT ARMS AND SERVICES IN YOUR DIVISION AS YOU WILL NEED TO CARRY OUT YOUR OWN JOB IN COMBAT?, DO YOU FEEL THAT YOU HAVE AS FULL AN UNDERSTANDING OF THE PURPOSE AND FUNCTIONS OF ALL THE DIFFERENT ARMS AND SERVICES IN YOUR DIVISION AS YOU WILL NEED TO CARRY OUT YOUR OWN JOB IN COMBAT?
48,S40O.Q27A.n,S40O.Q27A.n," IF YOUR ANSWER IS ""NO"", WHAT SPECIFIC INFORMATION DO YOU NEED?"," IF YOUR ANSWER IS ""NO"", WHAT SPECIFIC INFORMATION DO YOU NEED?"
49,S40O.Q28A,S40O.Q28A, DO YOU THINK ENLISTED MEN IN YOUR ARM OR SERVICE SHOULD BE GETTING MORE OF ANY KIND OF DRILL OR INSTRUCTION THAN THEY GET NOW?, DO YOU THINK ENLISTED MEN IN YOUR ARM OR SERVICE SHOULD BE GETTING MORE OF ANY KIND OF DRILL OR INSTRUCTION THAN THEY GET NOW?
50,S40O.Q28B.1,S40O.Q28B.1," IF MORE OF ANY KIND OF DRILL OR INSTRUCTION IS NEEDED, JUST WHAT IS NEEDED? E. BASIC TRAINING:"," IF MORE OF ANY KIND OF DRILL OR INSTRUCTION IS NEEDED, JUST WHAT IS NEEDED? E. BASIC TRAINING:"
51,S40O.Q28B.2,S40O.Q28B.2," IF MORE OF ANY KIND OF DRILL OR INSTRUCTION IS NEEDED, JUST WHAT IS NEEDED? E. BASIC TRAINING:  96"," IF MORE OF ANY KIND OF DRILL OR INSTRUCTION IS NEEDED, JUST WHAT IS NEEDED? E. BASIC TRAINING:"
52,S40O.Q28B.3,S40O.Q28B.3," IF MORE OF ANY KIND OF DRILL OR INSTRUCTION IS NEEDED, JUST WHAT IS NEEDED? E. BASIC TRAINING:  174"," IF MORE OF ANY KIND OF DRILL OR INSTRUCTION IS NEEDED, JUST WHAT IS NEEDED? E. BASIC TRAINING:"
53,S40O.Q28B.4,S40O.Q28B.4," IF MORE OF ANY KIND OF DRILL OR INSTRUCTION IS NEEDED, JUST WHAT IS NEEDED? E. BASIC TRAINING:  24"," IF MORE OF ANY KIND OF DRILL OR INSTRUCTION IS NEEDED, JUST WHAT IS NEEDED? E. BASIC TRAINING:"
54,S40O.Q28B.5,S40O.Q28B.5," IF MORE OF ANY KIND OF DRILL OR INSTRUCTION IS NEEDED, JUST WHAT IS NEEDED? E. BASIC TRAINING:  19"," IF MORE OF ANY KIND OF DRILL OR INSTRUCTION IS NEEDED, JUST WHAT IS NEEDED? E. BASIC TRAINING:"
55,S40O.Q28B.6,S40O.Q28B.6," IF MORE OF ANY KIND OF DRILL OR INSTRUCTION IS NEEDED, JUST WHAT IS NEEDED? E. BASIC TRAINING:  67"," IF MORE OF ANY KIND OF DRILL OR INSTRUCTION IS NEEDED, JUST WHAT IS NEEDED? E. BASIC TRAINING:"
56,S40O.Q28B.7,S40O.Q28B.7,"IF MORE OF ANY KIND OF DRILL OR INSTRUCTION IS NEEDED, JUST WHAT IS NEEDED? E. TACTICAL TRAINING FOR VARIOUS UNITS (KINDS):","IF MORE OF ANY KIND OF DRILL OR INSTRUCTION IS NEEDED, JUST WHAT IS NEEDED? E. TACTICAL TRAINING FOR VARIOUS UNITS (KINDS):"
57,S40O.Q28B.8,S40O.Q28B.8,"IF MORE OF ANY KIND OF DRILL OR INSTRUCTION IS NEEDED, JUST WHAT IS NEEDED? E. TACTICAL TRAINING FOR VARIOUS UNITS (KINDS):","IF MORE OF ANY KIND OF DRILL OR INSTRUCTION IS NEEDED, JUST WHAT IS NEEDED? E. TACTICAL TRAINING FOR VARIOUS UNITS (KINDS):"
58,S40O.Q28B.9,S40O.Q28B.9,"IF MORE OF ANY KIND OF DRILL OR INSTRUCTION IS NEEDED, JUST WHAT IS NEEDED? E. TACTICAL TRAINING FOR VARIOUS UNITS (KINDS):","IF MORE OF ANY KIND OF DRILL OR INSTRUCTION IS NEEDED, JUST WHAT IS NEEDED? E. TACTICAL TRAINING FOR VARIOUS UNITS (KINDS):"
59,S40O.Q28B.10,S40O.Q28B.10,"IF MORE OF ANY KIND OF DRILL OR INSTRUCTION IS NEEDED, JUST WHAT IS NEEDED? E. TACTICAL TRAINING FOR VARIOUS UNITS (KINDS):","IF MORE OF ANY KIND OF DRILL OR INSTRUCTION IS NEEDED, JUST WHAT IS NEEDED? E. TACTICAL TRAINING FOR VARIOUS UNITS (KINDS):"
60,S40O.Q28B.11,S40O.Q28B.11,"IF MORE OF ANY KIND OF DRILL OR INSTRUCTION IS NEEDED, JUST WHAT IS NEEDED? E. TACTICAL TRAINING FOR VARIOUS UNITS (KINDS):","IF MORE OF ANY KIND OF DRILL OR INSTRUCTION IS NEEDED, JUST WHAT IS NEEDED? E. TACTICAL TRAINING FOR VARIOUS UNITS (KINDS):"
61,S40O.Q28B.12,S40O.Q28B.12,"IF MORE OF ANY KIND OF DRILL OR INSTRUCTION IS NEEDED, JUST WHAT IS NEEDED? E. TACTICAL TRAINING FOR VARIOUS UNITS (KINDS):","IF MORE OF ANY KIND OF DRILL OR INSTRUCTION IS NEEDED, JUST WHAT IS NEEDED? E. TACTICAL TRAINING FOR VARIOUS UNITS (KINDS):"
62,S40O.Q28B.13,S40O.Q28B.13,"IF MORE OF ANY KIND OF DRILL OR INSTRUCTION IS NEEDED, JUST WHAT IS NEEDED? E. TACTICAL TRAINING FOR VARIOUS UNITS (KINDS):","IF MORE OF ANY KIND OF DRILL OR INSTRUCTION IS NEEDED, JUST WHAT IS NEEDED? E. TACTICAL TRAINING FOR VARIOUS UNITS (KINDS):"
63,S40O.Q28B.14,S40O.Q28B.14,"IF MORE OF ANY KIND OF DRILL OR INSTRUCTION IS NEEDED, JUST WHAT IS NEEDED? E. CONDITIONS OF TRAINING - REALISM:","IF MORE OF ANY KIND OF DRILL OR INSTRUCTION IS NEEDED, JUST WHAT IS NEEDED? E. CONDITIONS OF TRAINING - REALISM:"
64,S40O.Q28B.15,S40O.Q28B.15,"IF MORE OF ANY KIND OF DRILL OR INSTRUCTION IS NEEDED, JUST WHAT IS NEEDED? E. CONDITIONS OF TRAINING - REALISM:","IF MORE OF ANY KIND OF DRILL OR INSTRUCTION IS NEEDED, JUST WHAT IS NEEDED? E. CONDITIONS OF TRAINING - REALISM:"
65,S40O.Q28B.16,S40O.Q28B.16,"IF MORE OF ANY KIND OF DRILL OR INSTRUCTION IS NEEDED, JUST WHAT IS NEEDED? E. CONDITIONS OF TRAINING - REALISM:","IF MORE OF ANY KIND OF DRILL OR INSTRUCTION IS NEEDED, JUST WHAT IS NEEDED? E. CONDITIONS OF TRAINING - REALISM:"
66,S40O.Q28B.17,S40O.Q28B.17,"IF MORE OF ANY KIND OF DRILL OR INSTRUCTION IS NEEDED, JUST WHAT IS NEEDED? E. CONDITIONS OF TRAINING - REALISM:","IF MORE OF ANY KIND OF DRILL OR INSTRUCTION IS NEEDED, JUST WHAT IS NEEDED? E. CONDITIONS OF TRAINING - REALISM:"
67,S40O.Q28B.18,S40O.Q28B.18,"IF MORE OF ANY KIND OF DRILL OR INSTRUCTION IS NEEDED, JUST WHAT IS NEEDED? E. CONDITIONS OF TRAINING - REALISM:","IF MORE OF ANY KIND OF DRILL OR INSTRUCTION IS NEEDED, JUST WHAT IS NEEDED? E. CONDITIONS OF TRAINING - REALISM:"
68,S40O.Q28B.19,S40O.Q28B.19,"IF MORE OF ANY KIND OF DRILL OR INSTRUCTION IS NEEDED, JUST WHAT IS NEEDED? E. CONDITIONS OF TRAINING - REALISM:","IF MORE OF ANY KIND OF DRILL OR INSTRUCTION IS NEEDED, JUST WHAT IS NEEDED? E. CONDITIONS OF TRAINING - REALISM:"
69,S40O.Q28B.20,S40O.Q28B.20,"IF MORE OF ANY KIND OF DRILL OR INSTRUCTION IS NEEDED, JUST WHAT IS NEEDED? E. CONDITIONS OF TRAINING - REALISM:","IF MORE OF ANY KIND OF DRILL OR INSTRUCTION IS NEEDED, JUST WHAT IS NEEDED? E. CONDITIONS OF TRAINING - REALISM:"
70,S40O.Q28B.21,S40O.Q28B.21,"IF MORE OF ANY KIND OF DRILL OR INSTRUCTION IS NEEDED, JUST WHAT IS NEEDED? E. TRAINING WITH WEAPONS:","IF MORE OF ANY KIND OF DRILL OR INSTRUCTION IS NEEDED, JUST WHAT IS NEEDED? E. TRAINING WITH WEAPONS:"
71,S40O.Q28B.22,S40O.Q28B.22,"IF MORE OF ANY KIND OF DRILL OR INSTRUCTION IS NEEDED, JUST WHAT IS NEEDED? E. TRAINING WITH WEAPONS:","IF MORE OF ANY KIND OF DRILL OR INSTRUCTION IS NEEDED, JUST WHAT IS NEEDED? E. TRAINING WITH WEAPONS:"
72,S40O.Q28B.23,S40O.Q28B.23,"IF MORE OF ANY KIND OF DRILL OR INSTRUCTION IS NEEDED, JUST WHAT IS NEEDED? E. TRAINING WITH WEAPONS:","IF MORE OF ANY KIND OF DRILL OR INSTRUCTION IS NEEDED, JUST WHAT IS NEEDED? E. TRAINING WITH WEAPONS:"
73,S40O.Q28B.24,S40O.Q28B.24,"IF MORE OF ANY KIND OF DRILL OR INSTRUCTION IS NEEDED, JUST WHAT IS NEEDED? E. TRAINING WITH WEAPONS:","IF MORE OF ANY KIND OF DRILL OR INSTRUCTION IS NEEDED, JUST WHAT IS NEEDED? E. TRAINING WITH WEAPONS:"
74,S40O.Q28B.25,S40O.Q28B.25,"IF MORE OF ANY KIND OF DRILL OR INSTRUCTION IS NEEDED, JUST WHAT IS NEEDED? E. TRAINING WITH WEAPONS:","IF MORE OF ANY KIND OF DRILL OR INSTRUCTION IS NEEDED, JUST WHAT IS NEEDED? E. TRAINING WITH WEAPONS:"
75,S40O.Q28B.26,S40O.Q28B.26,"IF MORE OF ANY KIND OF DRILL OR INSTRUCTION IS NEEDED, JUST WHAT IS NEEDED? E. TRAINING WITH WEAPONS:","IF MORE OF ANY KIND OF DRILL OR INSTRUCTION IS NEEDED, JUST WHAT IS NEEDED? E. TRAINING WITH WEAPONS:"
76,S40O.Q28B.27,S40O.Q28B.27,"IF MORE OF ANY KIND OF DRILL OR INSTRUCTION IS NEEDED, JUST WHAT IS NEEDED? E. TRAINING WITH WEAPONS:","IF MORE OF ANY KIND OF DRILL OR INSTRUCTION IS NEEDED, JUST WHAT IS NEEDED? E. TRAINING WITH WEAPONS:"
77,CARD..1,CARD..1,CARD.,CARD.
78,DECK..1,DECK..1,DECK.,DECK.
79,BALLOT..1,BALLOT..1,BALLOT.,BALLOT.
80,FORM..1,FORM..1,FORM.,FORM.
81,S40O.Q28B.28,S40O.Q28B.28,"IF MORE OF ANY KIND OF DRILL OR INSTRUCTION IS NEEDED, JUST WHAT IS NEEDED? E. TRAINING WITH WEAPONS:","IF MORE OF ANY KIND OF DRILL OR INSTRUCTION IS NEEDED, JUST WHAT IS NEEDED? E. TRAINING WITH WEAPONS:"
82,S40O.Q28B.29,S40O.Q28B.29,"IF MORE OF ANY KIND OF DRILL OR INSTRUCTION IS NEEDED, JUST WHAT IS NEEDED? E. TRAINING WITH WEAPONS:","IF MORE OF ANY KIND OF DRILL OR INSTRUCTION IS NEEDED, JUST WHAT IS NEEDED? E. TRAINING WITH WEAPONS:"
83,S40O.Q28B.30,S40O.Q28B.30,"IF MORE OF ANY KIND OF DRILL OR INSTRUCTION IS NEEDED, JUST WHAT IS NEEDED? E. SPECIAL TECHNICAL INSTRUCTION:","IF MORE OF ANY KIND OF DRILL OR INSTRUCTION IS NEEDED, JUST WHAT IS NEEDED? E. SPECIAL TECHNICAL INSTRUCTION:"
84,S40O.Q28B.31,S40O.Q28B.31,"IF MORE OF ANY KIND OF DRILL OR INSTRUCTION IS NEEDED, JUST WHAT IS NEEDED? E. SPECIAL TECHNICAL INSTRUCTION:","IF MORE OF ANY KIND OF DRILL OR INSTRUCTION IS NEEDED, JUST WHAT IS NEEDED? E. SPECIAL TECHNICAL INSTRUCTION:"
85,S40O.Q28B.32,S40O.Q28B.32,"IF MORE OF ANY KIND OF DRILL OR INSTRUCTION IS NEEDED, JUST WHAT IS NEEDED? E. SPECIAL TECHNICAL INSTRUCTION:","IF MORE OF ANY KIND OF DRILL OR INSTRUCTION IS NEEDED, JUST WHAT IS NEEDED? E. SPECIAL TECHNICAL INSTRUCTION:"
86,S40O.Q28B.33,S40O.Q28B.33,"IF MORE OF ANY KIND OF DRILL OR INSTRUCTION IS NEEDED, JUST WHAT IS NEEDED? E. SPECIAL TECHNICAL INSTRUCTION:","IF MORE OF ANY KIND OF DRILL OR INSTRUCTION IS NEEDED, JUST WHAT IS NEEDED? E. SPECIAL TECHNICAL INSTRUCTION:"
87,S40O.Q28B.34,S40O.Q28B.34,"IF MORE OF ANY KIND OF DRILL OR INSTRUCTION IS NEEDED, JUST WHAT IS NEEDED? E. SPECIAL TECHNICAL INSTRUCTION:","IF MORE OF ANY KIND OF DRILL OR INSTRUCTION IS NEEDED, JUST WHAT IS NEEDED? E. SPECIAL TECHNICAL INSTRUCTION:"
88,S40O.Q28B.35,S40O.Q28B.35,"IF MORE OF ANY KIND OF DRILL OR INSTRUCTION IS NEEDED, JUST WHAT IS NEEDED? E. SPECIAL TECHNICAL INSTRUCTION:","IF MORE OF ANY KIND OF DRILL OR INSTRUCTION IS NEEDED, JUST WHAT IS NEEDED? E. SPECIAL TECHNICAL INSTRUCTION:"
89,S40O.Q28B.36,S40O.Q28B.36,"IF MORE OF ANY KIND OF DRILL OR INSTRUCTION IS NEEDED, JUST WHAT IS NEEDED? E. SPECIAL TECHNICAL INSTRUCTION:","IF MORE OF ANY KIND OF DRILL OR INSTRUCTION IS NEEDED, JUST WHAT IS NEEDED? E. SPECIAL TECHNICAL INSTRUCTION:"
90,S40O.Q28B.37,S40O.Q28B.37,"IF MORE OF ANY KIND OF DRILL OR INSTRUCTION IS NEEDED, JUST WHAT IS NEEDED? E. SPECIAL TECHNICAL INSTRUCTION:","IF MORE OF ANY KIND OF DRILL OR INSTRUCTION IS NEEDED, JUST WHAT IS NEEDED? E. SPECIAL TECHNICAL INSTRUCTION:"
91,S40O.Q28B.38,S40O.Q28B.38,"IF MORE OF ANY KIND OF DRILL OR INSTRUCTION IS NEEDED, JUST WHAT IS NEEDED? E. SPECIAL TECHNICAL INSTRUCTION:","IF MORE OF ANY KIND OF DRILL OR INSTRUCTION IS NEEDED, JUST WHAT IS NEEDED? E. SPECIAL TECHNICAL INSTRUCTION:"
92,S40O.Q28B.39,S40O.Q28B.39,"IF MORE OF ANY KIND OF DRILL OR INSTRUCTION IS NEEDED, JUST WHAT IS NEEDED? E. PERSONAL CARE:","IF MORE OF ANY KIND OF DRILL OR INSTRUCTION IS NEEDED, JUST WHAT IS NEEDED? E. PERSONAL CARE:"
93,S40O.Q28B.40,S40O.Q28B.40,"IF MORE OF ANY KIND OF DRILL OR INSTRUCTION IS NEEDED, JUST WHAT IS NEEDED? E. PERSONAL CARE:","IF MORE OF ANY KIND OF DRILL OR INSTRUCTION IS NEEDED, JUST WHAT IS NEEDED? E. PERSONAL CARE:"
94,S40O.Q28B.41,S40O.Q28B.41,"IF MORE OF ANY KIND OF DRILL OR INSTRUCTION IS NEEDED, JUST WHAT IS NEEDED? E. PERSONAL CARE:","IF MORE OF ANY KIND OF DRILL OR INSTRUCTION IS NEEDED, JUST WHAT IS NEEDED? E. PERSONAL CARE:"
95,S40O.Q28B.42,S40O.Q28B.42,"IF MORE OF ANY KIND OF DRILL OR INSTRUCTION IS NEEDED, JUST WHAT IS NEEDED? E. PERSONAL CARE:","IF MORE OF ANY KIND OF DRILL OR INSTRUCTION IS NEEDED, JUST WHAT IS NEEDED? E. PERSONAL CARE:"
96,S40O.Q28B.43,S40O.Q28B.43,"IF MORE OF ANY KIND OF DRILL OR INSTRUCTION IS NEEDED, JUST WHAT IS NEEDED? E. OTHER - MISCELLANEOUS:","IF MORE OF ANY KIND OF DRILL OR INSTRUCTION IS NEEDED, JUST WHAT IS NEEDED? E. OTHER - MISCELLANEOUS:"
97,S40O.Q28B.44,S40O.Q28B.44,"IF MORE OF ANY KIND OF DRILL OR INSTRUCTION IS NEEDED, JUST WHAT IS NEEDED? E. OTHER - MISCELLANEOUS:","IF MORE OF ANY KIND OF DRILL OR INSTRUCTION IS NEEDED, JUST WHAT IS NEEDED? E. OTHER - MISCELLANEOUS:"
98,S40O.Q28B.45,S40O.Q28B.45,"IF MORE OF ANY KIND OF DRILL OR INSTRUCTION IS NEEDED, JUST WHAT IS NEEDED? E. OTHER - MISCELLANEOUS:","IF MORE OF ANY KIND OF DRILL OR INSTRUCTION IS NEEDED, JUST WHAT IS NEEDED? E. OTHER - MISCELLANEOUS:"
99,S40O.Q28B.46,S40O.Q28B.46,"IF MORE OF ANY KIND OF DRILL OR INSTRUCTION IS NEEDED, JUST WHAT IS NEEDED? E. OTHER - MISCELLANEOUS:","IF MORE OF ANY KIND OF DRILL OR INSTRUCTION IS NEEDED, JUST WHAT IS NEEDED? E. OTHER - MISCELLANEOUS:"
100,S40O.Q29A,S40O.Q29A, DO YOU THINK THAT SOME OF THE DRILL OR INSTRUCTION NOW GIVEN MEN IN YOUR ARM OR SERVICE IS NOT NEEDED TO MAKE MEN GOOD SOLDIERS?, DO YOU THINK THAT SOME OF THE DRILL OR INSTRUCTION NOW GIVEN MEN IN YOUR ARM OR SERVICE IS NOT NEEDED TO MAKE MEN GOOD SOLDIERS?
101,S40O.Q29B.1,S40O.Q29B.1," IF SOME OF THE DRILL OR INSTRUCTION NOW GIVEN IS NOT NEEDED, JUST WHAT IS NOT NEEDED? E. OBJECTION IS TO KIND OF DRILL OR INSTRUCTION NOW GIVEN:"," IF SOME OF THE DRILL OR INSTRUCTION NOW GIVEN IS NOT NEEDED, JUST WHAT IS NOT NEEDED? E. OBJECTION IS TO KIND OF DRILL OR INSTRUCTION NOW GIVEN:"
102,S40O.Q29B.2,S40O.Q29B.2," IF SOME OF THE DRILL OR INSTRUCTION NOW GIVEN IS NOT NEEDED, JUST WHAT IS NOT NEEDED? E. OBJECTION IS TO KIND OF DRILL OR INSTRUCTION NOW GIVEN:  62"," IF SOME OF THE DRILL OR INSTRUCTION NOW GIVEN IS NOT NEEDED, JUST WHAT IS NOT NEEDED? E. OBJECTION IS TO KIND OF DRILL OR INSTRUCTION NOW GIVEN:"
103,S40O.Q29B.3,S40O.Q29B.3," IF SOME OF THE DRILL OR INSTRUCTION NOW GIVEN IS NOT NEEDED, JUST WHAT IS NOT NEEDED? E. OBJECTION IS TO KIND OF DRILL OR INSTRUCTION NOW GIVEN:  87"," IF SOME OF THE DRILL OR INSTRUCTION NOW GIVEN IS NOT NEEDED, JUST WHAT IS NOT NEEDED? E. OBJECTION IS TO KIND OF DRILL OR INSTRUCTION NOW GIVEN:"
104,S40O.Q29B.4,S40O.Q29B.4," IF SOME OF THE DRILL OR INSTRUCTION NOW GIVEN IS NOT NEEDED, JUST WHAT IS NOT NEEDED? E. OBJECTION IS TO KIND OF DRILL OR INSTRUCTION NOW GIVEN:  34"," IF SOME OF THE DRILL OR INSTRUCTION NOW GIVEN IS NOT NEEDED, JUST WHAT IS NOT NEEDED? E. OBJECTION IS TO KIND OF DRILL OR INSTRUCTION NOW GIVEN:"
105,S40O.Q29B.5,S40O.Q29B.5," IF SOME OF THE DRILL OR INSTRUCTION NOW GIVEN IS NOT NEEDED, JUST WHAT IS NOT NEEDED? E. OBJECTION IS TO KIND OF DRILL OR INSTRUCTION NOW GIVEN:  23"," IF SOME OF THE DRILL OR INSTRUCTION NOW GIVEN IS NOT NEEDED, JUST WHAT IS NOT NEEDED? E. OBJECTION IS TO KIND OF DRILL OR INSTRUCTION NOW GIVEN:"
106,S40O.Q29B.6,S40O.Q29B.6," IF SOME OF THE DRILL OR INSTRUCTION NOW GIVEN IS NOT NEEDED, JUST WHAT IS NOT NEEDED? E. OBJECTION IS TO KIND OF DRILL OR INSTRUCTION NOW GIVEN:  37"," IF SOME OF THE DRILL OR INSTRUCTION NOW GIVEN IS NOT NEEDED, JUST WHAT IS NOT NEEDED? E. OBJECTION IS TO KIND OF DRILL OR INSTRUCTION NOW GIVEN:"
107,S40O.Q29B.7,S40O.Q29B.7," IF SOME OF THE DRILL OR INSTRUCTION NOW GIVEN IS NOT NEEDED, JUST WHAT IS NOT NEEDED? E. OBJECTION IS TO KIND OF DRILL OR INSTRUCTION NOW GIVEN:  52"," IF SOME OF THE DRILL OR INSTRUCTION NOW GIVEN IS NOT NEEDED, JUST WHAT IS NOT NEEDED? E. OBJECTION IS TO KIND OF DRILL OR INSTRUCTION NOW GIVEN:"
108,S40O.Q29B.8,S40O.Q29B.8," IF SOME OF THE DRILL OR INSTRUCTION NOW GIVEN IS NOT NEEDED, JUST WHAT IS NOT NEEDED? E. OBJECTION IS TO KIND OF DRILL OR INSTRUCTION NOW GIVEN:  60"," IF SOME OF THE DRILL OR INSTRUCTION NOW GIVEN IS NOT NEEDED, JUST WHAT IS NOT NEEDED? E. OBJECTION IS TO KIND OF DRILL OR INSTRUCTION NOW GIVEN:"
109,S40O.Q29B.9,S40O.Q29B.9," IF SOME OF THE DRILL OR INSTRUCTION NOW GIVEN IS NOT NEEDED, JUST WHAT IS NOT NEEDED? E. OBJECTION IS TO KIND OF DRILL OR INSTRUCTION NOW GIVEN:  9"," IF SOME OF THE DRILL OR INSTRUCTION NOW GIVEN IS NOT NEEDED, JUST WHAT IS NOT NEEDED? E. OBJECTION IS TO KIND OF DRILL OR INSTRUCTION NOW GIVEN:"
110,S40O.Q29B.10,S40O.Q29B.10," IF SOME OF THE DRILL OR INSTRUCTION NOW GIVEN IS NOT NEEDED, JUST WHAT IS NOT NEEDED? E. OBJECTION IS TO KIND OF DRILL OR INSTRUCTION NOW GIVEN:  71"," IF SOME OF THE DRILL OR INSTRUCTION NOW GIVEN IS NOT NEEDED, JUST WHAT IS NOT NEEDED? E. OBJECTION IS TO KIND OF DRILL OR INSTRUCTION NOW GIVEN:"
111,S40O.Q29B.11,S40O.Q29B.11,"IF SOME OF THE DRILL OR INSTRUCTION NOW GIVEN IS NOT NEEDED, JUST WHAT IS NOT NEEDED? E. OBJECTION IS TO THE WAY DRILL OR INSTRUCTION IS GIVEN OR PLANNED:","IF SOME OF THE DRILL OR INSTRUCTION NOW GIVEN IS NOT NEEDED, JUST WHAT IS NOT NEEDED? E. OBJECTION IS TO THE WAY DRILL OR INSTRUCTION IS GIVEN OR PLANNED:"
112,S40O.Q29B.12,S40O.Q29B.12,"IF SOME OF THE DRILL OR INSTRUCTION NOW GIVEN IS NOT NEEDED, JUST WHAT IS NOT NEEDED? E. OBJECTION IS TO THE WAY DRILL OR INSTRUCTION IS GIVEN OR PLANNED:","IF SOME OF THE DRILL OR INSTRUCTION NOW GIVEN IS NOT NEEDED, JUST WHAT IS NOT NEEDED? E. OBJECTION IS TO THE WAY DRILL OR INSTRUCTION IS GIVEN OR PLANNED:"
113,S40O.Q29B.13,S40O.Q29B.13,"IF SOME OF THE DRILL OR INSTRUCTION NOW GIVEN IS NOT NEEDED, JUST WHAT IS NOT NEEDED? E. OBJECTION IS TO THE WAY DRILL OR INSTRUCTION IS GIVEN OR PLANNED:","IF SOME OF THE DRILL OR INSTRUCTION NOW GIVEN IS NOT NEEDED, JUST WHAT IS NOT NEEDED? E. OBJECTION IS TO THE WAY DRILL OR INSTRUCTION IS GIVEN OR PLANNED:"
114,S40O.Q29B.14,S40O.Q29B.14,"IF SOME OF THE DRILL OR INSTRUCTION NOW GIVEN IS NOT NEEDED, JUST WHAT IS NOT NEEDED? E. OBJECTION IS TO THE WAY DRILL OR INSTRUCTION IS GIVEN OR PLANNED:","IF SOME OF THE DRILL OR INSTRUCTION NOW GIVEN IS NOT NEEDED, JUST WHAT IS NOT NEEDED? E. OBJECTION IS TO THE WAY DRILL OR INSTRUCTION IS GIVEN OR PLANNED:"
115,S40O.Q29B.15,S40O.Q29B.15,"IF SOME OF THE DRILL OR INSTRUCTION NOW GIVEN IS NOT NEEDED, JUST WHAT IS NOT NEEDED? E. OBJECTION IS TO THE WAY DRILL OR INSTRUCTION IS GIVEN OR PLANNED:","IF SOME OF THE DRILL OR INSTRUCTION NOW GIVEN IS NOT NEEDED, JUST WHAT IS NOT NEEDED? E. OBJECTION IS TO THE WAY DRILL OR INSTRUCTION IS GIVEN OR PLANNED:"
116,S40O.Q29B.16,S40O.Q29B.16,"IF SOME OF THE DRILL OR INSTRUCTION NOW GIVEN IS NOT NEEDED, JUST WHAT IS NOT NEEDED? E. OBJECTION IS TO THE WAY DRILL OR INSTRUCTION IS GIVEN OR PLANNED:","IF SOME OF THE DRILL OR INSTRUCTION NOW GIVEN IS NOT NEEDED, JUST WHAT IS NOT NEEDED? E. OBJECTION IS TO THE WAY DRILL OR INSTRUCTION IS GIVEN OR PLANNED:"
117,S40O.Q29B.17,S40O.Q29B.17,"IF SOME OF THE DRILL OR INSTRUCTION NOW GIVEN IS NOT NEEDED, JUST WHAT IS NOT NEEDED? E. OBJECTION IS TO THE WAY DRILL OR INSTRUCTION IS GIVEN OR PLANNED:","IF SOME OF THE DRILL OR INSTRUCTION NOW GIVEN IS NOT NEEDED, JUST WHAT IS NOT NEEDED? E. OBJECTION IS TO THE WAY DRILL OR INSTRUCTION IS GIVEN OR PLANNED:"
118,S40O.Q29B.18,S40O.Q29B.18,"IF SOME OF THE DRILL OR INSTRUCTION NOW GIVEN IS NOT NEEDED, JUST WHAT IS NOT NEEDED? E. OBJECTION IS TO THE WAY DRILL OR INSTRUCTION IS GIVEN OR PLANNED:","IF SOME OF THE DRILL OR INSTRUCTION NOW GIVEN IS NOT NEEDED, JUST WHAT IS NOT NEEDED? E. OBJECTION IS TO THE WAY DRILL OR INSTRUCTION IS GIVEN OR PLANNED:"
119,S40O.Q29B.19,S40O.Q29B.19,"IF SOME OF THE DRILL OR INSTRUCTION NOW GIVEN IS NOT NEEDED, JUST WHAT IS NOT NEEDED? E. OBJECTION IS TO THE WAY DRILL OR INSTRUCTION IS GIVEN OR PLANNED:","IF SOME OF THE DRILL OR INSTRUCTION NOW GIVEN IS NOT NEEDED, JUST WHAT IS NOT NEEDED? E. OBJECTION IS TO THE WAY DRILL OR INSTRUCTION IS GIVEN OR PLANNED:"
120,S40O.Q29B.20,S40O.Q29B.20,"IF SOME OF THE DRILL OR INSTRUCTION NOW GIVEN IS NOT NEEDED, JUST WHAT IS NOT NEEDED? E. OBJECTION IS TO THE WAY DRILL OR INSTRUCTION IS GIVEN OR PLANNED:","IF SOME OF THE DRILL OR INSTRUCTION NOW GIVEN IS NOT NEEDED, JUST WHAT IS NOT NEEDED? E. OBJECTION IS TO THE WAY DRILL OR INSTRUCTION IS GIVEN OR PLANNED:"
121,S40O.Q30,S40O.Q30, ABOUT HOW MANY HOURS PER WEEK DO THE MEN IN YOUR ARM OR SERVICE SPEND IN CLOSE ORDER DRILL?, ABOUT HOW MANY HOURS PER WEEK DO THE MEN IN YOUR ARM OR SERVICE SPEND IN CLOSE ORDER DRILL?
122,S40O.Q30A,S40O.Q30A," WOULD YOU SAY THIS IS TOO MUCH, TOO LITTLE, OR ABOUT THE RIGHT AMOUNT OF TIME?"," WOULD YOU SAY THIS IS TOO MUCH, TOO LITTLE, OR ABOUT THE RIGHT AMOUNT OF TIME?"
123,S40O.Q31,S40O.Q31, ABOUT HOW MANY HOURS PER WEEK DO THE MEN IN YOUR ARM OR SERVICE SPEND ON PHYSICAL TRAINING AND CONDITIONING?, ABOUT HOW MANY HOURS PER WEEK DO THE MEN IN YOUR ARM OR SERVICE SPEND ON PHYSICAL TRAINING AND CONDITIONING?
124,S40O.Q31A,S40O.Q31A," WOULD YOU SAY THIS IS TOO MUCH, TOO LITTLE, OR ABOUT THE RIGHT AMOUNT OF TIME?"," WOULD YOU SAY THIS IS TOO MUCH, TOO LITTLE, OR ABOUT THE RIGHT AMOUNT OF TIME?"
125,S40O.Q32,S40O.Q32," DO YOU THINK THAT THE PRESENT PHYSICAL TRAINING AND HARDENING PROGRAM GETS THE MEN INTO GOOD, ALL-AROUND CONDITION?"," DO YOU THINK THAT THE PRESENT PHYSICAL TRAINING AND HARDENING PROGRAM GETS THE MEN INTO GOOD, ALL-AROUND CONDITION?"
126,S40O.Q32A.1,S40O.Q32A.1," IF ""NO"", WHAT DO YOU THINK IS THE REASON?"," IF ""NO"", WHAT DO YOU THINK IS THE REASON?"
127,S40O.Q32A.2,S40O.Q32A.2," IF ""NO"", WHAT DO YOU THINK IS THE REASON?  99"," IF ""NO"", WHAT DO YOU THINK IS THE REASON?"
128,S40O.Q32A.3,S40O.Q32A.3," IF ""NO"", WHAT DO YOU THINK IS THE REASON?  121"," IF ""NO"", WHAT DO YOU THINK IS THE REASON?"
129,S40O.Q32A.4,S40O.Q32A.4," IF ""NO"", WHAT DO YOU THINK IS THE REASON?  318"," IF ""NO"", WHAT DO YOU THINK IS THE REASON?"
130,S40O.Q32A.5,S40O.Q32A.5," IF ""NO"", WHAT DO YOU THINK IS THE REASON?  45"," IF ""NO"", WHAT DO YOU THINK IS THE REASON?"
131,S40O.Q32A.6,S40O.Q32A.6," IF ""NO"", WHAT DO YOU THINK IS THE REASON?  10"," IF ""NO"", WHAT DO YOU THINK IS THE REASON?"
132,S40O.Q32A.7,S40O.Q32A.7," IF ""NO"", WHAT DO YOU THINK IS THE REASON?  17"," IF ""NO"", WHAT DO YOU THINK IS THE REASON?"
133,S40O.Q32A.8,S40O.Q32A.8," IF ""NO"", WHAT DO YOU THINK IS THE REASON?  44"," IF ""NO"", WHAT DO YOU THINK IS THE REASON?"
134,S40O.Q32A.9,S40O.Q32A.9," IF ""NO"", WHAT DO YOU THINK IS THE REASON?  74"," IF ""NO"", WHAT DO YOU THINK IS THE REASON?"
135,S40O.Q32A.10,S40O.Q32A.10," IF ""NO"", WHAT DO YOU THINK IS THE REASON?  29"," IF ""NO"", WHAT DO YOU THINK IS THE REASON?"
136,S40O.Q32A.11,S40O.Q32A.11," IF ""NO"", WHAT DO YOU THINK IS THE REASON?  972"," IF ""NO"", WHAT DO YOU THINK IS THE REASON?"
137,S40O.Q33A.x,S40O.Q33A.x," IS THE PHYSICAL TRAINING AND HARDENING PROGRAM TOO TOUGH FOR ANY OF YOUR MEN?  Q.33B. IF ""YES"", FOR ABOUT WHAT PERCENTAGE IS IT TOO TOUGH?"," IS THE PHYSICAL TRAINING AND HARDENING PROGRAM TOO TOUGH FOR ANY OF YOUR MEN?  Q.33B. IF ""YES"", FOR ABOUT WHAT PERCENTAGE IS IT TOO TOUGH?"
138,S40O.Q34,S40O.Q34, HAS IT BEEN POSSIBLE TO CARRY OUT WITH THE MEN IN YOUR COMMAND THE PHYSICAL TRAINING PROGRAM CALLED FOR IN TRAINING CIRCULAR NO. 87?, HAS IT BEEN POSSIBLE TO CARRY OUT WITH THE MEN IN YOUR COMMAND THE PHYSICAL TRAINING PROGRAM CALLED FOR IN TRAINING CIRCULAR NO. 87?
139,S40O.Q34A.n,S40O.Q34A.n," IF IT HAS NOT BEEN POSSIBLE TO CARRY OUT THIS PROGRAM IN FULL, PLEASE GIVE THE REASON:"," IF IT HAS NOT BEEN POSSIBLE TO CARRY OUT THIS PROGRAM IN FULL, PLEASE GIVE THE REASON:"
140,S40O.Q35,S40O.Q35," CHECK THOSE OF THE FOLLOWING EXERCISES DESCRIBED IN TRAINING CIRCULAR NO. 87 WHICH ARE GIVEN REGULARLY TO THE MEN IN YOUR COMMAND. (MARCHING - 5 MILES IN 1 HOUR - 9 MILES IN 2 HOURS ETC., CALISTHENICS, GUERRILLA EXERCISES, RUNNING EXERCISES, GRASS EXERCI"," CHECK THOSE OF THE FOLLOWING EXERCISES DESCRIBED IN TRAINING CIRCULAR NO. 87 WHICH ARE GIVEN REGULARLY TO THE MEN IN YOUR COMMAND. (MARCHING - 5 MILES IN 1 HOUR - 9 MILES IN 2 HOURS ETC., CALISTHENICS, GUERRILLA EXERCISES, RUNNING EXERCISES, GRASS EXERCI"
141,S40O.Q36,S40O.Q36, HOW MUCH TRAINING DO THE MEN IN YOUR ARM OR SERVICE GET IN ACTUAL REALISTIC USE OF THE WEAPONS AND TOOLS THEY WILL NEED IN COMBAT?, HOW MUCH TRAINING DO THE MEN IN YOUR ARM OR SERVICE GET IN ACTUAL REALISTIC USE OF THE WEAPONS AND TOOLS THEY WILL NEED IN COMBAT?
142,S40O.Q36A.n,S40O.Q36A.n," IF ""TOO LITTLE"", WHAT IS NEEDED?"," IF ""TOO LITTLE"", WHAT IS NEEDED?"
143,S40O.Q37,S40O.Q37, HOW MUCH COVER AND CONCEALMENT PRACTICE DO MEN IN YOUR ARM OR SERVICE GET UNDER THE FIRE OF REAL AMMUNITION?, HOW MUCH COVER AND CONCEALMENT PRACTICE DO MEN IN YOUR ARM OR SERVICE GET UNDER THE FIRE OF REAL AMMUNITION?
144,S40O.Q38,S40O.Q38, HOW MUCH HIKING DO THE MEN IN YOUR ARM OR SERVICE GET?, HOW MUCH HIKING DO THE MEN IN YOUR ARM OR SERVICE GET?
145,S40O.Q39,S40O.Q39," HOW MANY TALKS DO MEN IN YOUR ARM OR SERVICE GET ON ""WHAT THIS WAR IS ALL ABOUT""?"," HOW MANY TALKS DO MEN IN YOUR ARM OR SERVICE GET ON ""WHAT THIS WAR IS ALL ABOUT""?"
146,S40O.Q40,S40O.Q40, HOW MANY TRAINING LECTURES DO THE MEN IN YOUR ARM OR SERVICE GET?, HOW MANY TRAINING LECTURES DO THE MEN IN YOUR ARM OR SERVICE GET?
147,S40O.Q41,S40O.Q41, HOW MANY TRAINING FILMS DO THE MEN IN YOUR ARM OR SERVICE GET?, HOW MANY TRAINING FILMS DO THE MEN IN YOUR ARM OR SERVICE GET?
148,S40O.Q42A,S40O.Q42A, ARE THERE SOME TYPES OF TRAINING FILMS NOW IN USE WHICH DO NOT ACCOMPLISH THEIR PURPOSE AS WELL AS OTHER METHODS OF TRAINING WOULD?, ARE THERE SOME TYPES OF TRAINING FILMS NOW IN USE WHICH DO NOT ACCOMPLISH THEIR PURPOSE AS WELL AS OTHER METHODS OF TRAINING WOULD?
149,S40O.Q42B.n,S40O.Q42B.n," IF YOUR ANSWER IS ""YES"", WHAT TYPE OF TRAINING FILMS ARE NOT ACCOMPLISHING THEIR PURPOSE?"," IF YOUR ANSWER IS ""YES"", WHAT TYPE OF TRAINING FILMS ARE NOT ACCOMPLISHING THEIR PURPOSE?"
150,S40O.Q43A,S40O.Q43A, ARE THERE SOME OTHER KINDS OF TRAINING IN WHICH FILMS ARE NOT NOW USED BUT IN WHICH THEY COULD BE USED TO GOOD ADVANTAGE?, ARE THERE SOME OTHER KINDS OF TRAINING IN WHICH FILMS ARE NOT NOW USED BUT IN WHICH THEY COULD BE USED TO GOOD ADVANTAGE?
151,S40O.Q43B.n,S40O.Q43B.n," IF YOUR ANSWER IS ""YES"", IN WHAT OTHER KINDS OF TRAINING SHOULD FILMS BE USED?"," IF YOUR ANSWER IS ""YES"", IN WHAT OTHER KINDS OF TRAINING SHOULD FILMS BE USED?"
152,CARD..2,CARD..2,CARD.,CARD.
153,DECK..2,DECK..2,DECK.,DECK.
154,BALLOT..2,BALLOT..2,BALLOT.,BALLOT.
155,FORM..2,FORM..2,FORM.,FORM.
156,S40O.Q44,S40O.Q44, HOW MANY OF THE NONCOMS WHO NOW SERVE UNDER YOU ARE THE KIND YOU WOULD WANT TO SERVE UNDER YOU IN COMBAT?, HOW MANY OF THE NONCOMS WHO NOW SERVE UNDER YOU ARE THE KIND YOU WOULD WANT TO SERVE UNDER YOU IN COMBAT?
157,S40O.Q44A.1,S40O.Q44A.1," IF SOME OF THE NONCOMS YOU NOW HAVE ARE NOT THE KIND YOU WOULD WANT IN COMBAT, WHY HAVEN'T YOU REPLACED THEM?"," IF SOME OF THE NONCOMS YOU NOW HAVE ARE NOT THE KIND YOU WOULD WANT IN COMBAT, WHY HAVEN'T YOU REPLACED THEM?"
158,S40O.Q44A.2,S40O.Q44A.2," IF SOME OF THE NONCOMS YOU NOW HAVE ARE NOT THE KIND YOU WOULD WANT IN COMBAT, WHY HAVEN'T YOU REPLACED THEM?  27"," IF SOME OF THE NONCOMS YOU NOW HAVE ARE NOT THE KIND YOU WOULD WANT IN COMBAT, WHY HAVEN'T YOU REPLACED THEM?"
159,S40O.Q44A.3,S40O.Q44A.3," IF SOME OF THE NONCOMS YOU NOW HAVE ARE NOT THE KIND YOU WOULD WANT IN COMBAT, WHY HAVEN'T YOU REPLACED THEM?  55"," IF SOME OF THE NONCOMS YOU NOW HAVE ARE NOT THE KIND YOU WOULD WANT IN COMBAT, WHY HAVEN'T YOU REPLACED THEM?"
160,S40O.Q44A.4,S40O.Q44A.4," IF SOME OF THE NONCOMS YOU NOW HAVE ARE NOT THE KIND YOU WOULD WANT IN COMBAT, WHY HAVEN'T YOU REPLACED THEM?  1"," IF SOME OF THE NONCOMS YOU NOW HAVE ARE NOT THE KIND YOU WOULD WANT IN COMBAT, WHY HAVEN'T YOU REPLACED THEM?"
161,S40O.Q44A.5,S40O.Q44A.5," IF SOME OF THE NONCOMS YOU NOW HAVE ARE NOT THE KIND YOU WOULD WANT IN COMBAT, WHY HAVEN'T YOU REPLACED THEM?  354"," IF SOME OF THE NONCOMS YOU NOW HAVE ARE NOT THE KIND YOU WOULD WANT IN COMBAT, WHY HAVEN'T YOU REPLACED THEM?"
162,S40O.Q44A.6,S40O.Q44A.6," IF SOME OF THE NONCOMS YOU NOW HAVE ARE NOT THE KIND YOU WOULD WANT IN COMBAT, WHY HAVEN'T YOU REPLACED THEM?  119"," IF SOME OF THE NONCOMS YOU NOW HAVE ARE NOT THE KIND YOU WOULD WANT IN COMBAT, WHY HAVEN'T YOU REPLACED THEM?"
163,S40O.Q44A.7,S40O.Q44A.7," IF SOME OF THE NONCOMS YOU NOW HAVE ARE NOT THE KIND YOU WOULD WANT IN COMBAT, WHY HAVEN'T YOU REPLACED THEM?  57"," IF SOME OF THE NONCOMS YOU NOW HAVE ARE NOT THE KIND YOU WOULD WANT IN COMBAT, WHY HAVEN'T YOU REPLACED THEM?"
164,S40O.Q44A.8,S40O.Q44A.8," IF SOME OF THE NONCOMS YOU NOW HAVE ARE NOT THE KIND YOU WOULD WANT IN COMBAT, WHY HAVEN'T YOU REPLACED THEM?  81"," IF SOME OF THE NONCOMS YOU NOW HAVE ARE NOT THE KIND YOU WOULD WANT IN COMBAT, WHY HAVEN'T YOU REPLACED THEM?"
165,S40O.Q44A.9,S40O.Q44A.9," IF SOME OF THE NONCOMS YOU NOW HAVE ARE NOT THE KIND YOU WOULD WANT IN COMBAT, WHY HAVEN'T YOU REPLACED THEM?  65"," IF SOME OF THE NONCOMS YOU NOW HAVE ARE NOT THE KIND YOU WOULD WANT IN COMBAT, WHY HAVEN'T YOU REPLACED THEM?"
166,S40O.Q44A.10,S40O.Q44A.10," IF SOME OF THE NONCOMS YOU NOW HAVE ARE NOT THE KIND YOU WOULD WANT IN COMBAT, WHY HAVEN'T YOU REPLACED THEM?  89"," IF SOME OF THE NONCOMS YOU NOW HAVE ARE NOT THE KIND YOU WOULD WANT IN COMBAT, WHY HAVEN'T YOU REPLACED THEM?"
167,S40O.Q44A.11,S40O.Q44A.11," IF SOME OF THE NONCOMS YOU NOW HAVE ARE NOT THE KIND YOU WOULD WANT IN COMBAT, WHY HAVEN'T YOU REPLACED THEM?  117"," IF SOME OF THE NONCOMS YOU NOW HAVE ARE NOT THE KIND YOU WOULD WANT IN COMBAT, WHY HAVEN'T YOU REPLACED THEM?"
168,S40O.Q44A.12,S40O.Q44A.12," IF SOME OF THE NONCOMS YOU NOW HAVE ARE NOT THE KIND YOU WOULD WANT IN COMBAT, WHY HAVEN'T YOU REPLACED THEM?  827"," IF SOME OF THE NONCOMS YOU NOW HAVE ARE NOT THE KIND YOU WOULD WANT IN COMBAT, WHY HAVEN'T YOU REPLACED THEM?"
169,S40O.Q45.1,S40O.Q45.1," LISTED BELOW ARE FIVE ABILITIES WHICH A GOOD NONCOM IS SUPPOSED TO HAVE. PLEASE PUT A ""1"" OPPOSITE THE ONE YOU CONSIDER TO BE THE MOST IMPORTANT, A ""2"" OPPOSITE THE ONE YOU THINK IS NEXT IN IMPORTANCE, AND A ""3"" OPPOSITE THE ONE YOU THINK IS THIRD IN IMP"," LISTED BELOW ARE FIVE ABILITIES WHICH A GOOD NONCOM IS SUPPOSED TO HAVE. PLEASE PUT A ""1"" OPPOSITE THE ONE YOU CONSIDER TO BE THE MOST IMPORTANT, A ""2"" OPPOSITE THE ONE YOU THINK IS NEXT IN IMPORTANCE, AND A ""3"" OPPOSITE THE ONE YOU THINK IS THIRD IN IMP"
170,S40O.Q45.2,S40O.Q45.2," LISTED BELOW ARE FIVE ABILITIES WHICH A GOOD NONCOM IS SUPPOSED TO HAVE. PLEASE PUT A ""1"" OPPOSITE THE ONE YOU CONSIDER TO BE THE MOST IMPORTANT, A ""2"" OPPOSITE THE ONE YOU THINK IS NEXT IN IMPORTANCE, AND A ""3"" OPPOSITE THE ONE YOU THINK IS THIRD IN IMP"," LISTED BELOW ARE FIVE ABILITIES WHICH A GOOD NONCOM IS SUPPOSED TO HAVE. PLEASE PUT A ""1"" OPPOSITE THE ONE YOU CONSIDER TO BE THE MOST IMPORTANT, A ""2"" OPPOSITE THE ONE YOU THINK IS NEXT IN IMPORTANCE, AND A ""3"" OPPOSITE THE ONE YOU THINK IS THIRD IN IMP"
171,S40O.Q45.3,S40O.Q45.3," LISTED BELOW ARE FIVE ABILITIES WHICH A GOOD NONCOM IS SUPPOSED TO HAVE. PLEASE PUT A ""1"" OPPOSITE THE ONE YOU CONSIDER TO BE THE MOST IMPORTANT, A ""2"" OPPOSITE THE ONE YOU THINK IS NEXT IN IMPORTANCE, AND A ""3"" OPPOSITE THE ONE YOU THINK IS THIRD IN IMP"," LISTED BELOW ARE FIVE ABILITIES WHICH A GOOD NONCOM IS SUPPOSED TO HAVE. PLEASE PUT A ""1"" OPPOSITE THE ONE YOU CONSIDER TO BE THE MOST IMPORTANT, A ""2"" OPPOSITE THE ONE YOU THINK IS NEXT IN IMPORTANCE, AND A ""3"" OPPOSITE THE ONE YOU THINK IS THIRD IN IMP"
172,S40O.Q46,S40O.Q46," DURING TRAINING AND DRILL PERIODS, DO YOUR MEN HAVE TO SPEND TOO MUCH TIME WAITING AROUND AND DOING NOTHING? (THIS QUESTION DOES NOT APPLY TO REST PERIODS.)"," DURING TRAINING AND DRILL PERIODS, DO YOUR MEN HAVE TO SPEND TOO MUCH TIME WAITING AROUND AND DOING NOTHING? (THIS QUESTION DOES NOT APPLY TO REST PERIODS.)"
173,S40O.Q47,S40O.Q47, DO YOU FEEL THAT MOST OF YOUR MEN ARE NOW TRAINED AND READY FOR COMBAT OR DO THEY NEED MORE TRAINING?, DO YOU FEEL THAT MOST OF YOUR MEN ARE NOW TRAINED AND READY FOR COMBAT OR DO THEY NEED MORE TRAINING?
174,S40O.Q48,S40O.Q48, DO YOU FEEL THAT YOU PERSONALLY ARE NOW READY TO LEAD TROOPS IN COMBAT OR DO YOU FEEL THAT YOU NEED SOME MORE EXPERIENCE AS AN OFFICER?, DO YOU FEEL THAT YOU PERSONALLY ARE NOW READY TO LEAD TROOPS IN COMBAT OR DO YOU FEEL THAT YOU NEED SOME MORE EXPERIENCE AS AN OFFICER?
175,S40O.Q49.n,S40O.Q49.n," ARE THERE ANY OTHER COMMENTS YOU WOULD LIKE TO MAKE ABOUT THE TRAINING OF MEN FOR COMBAT, OR SUGGESTIONS FOR GIVING THE MEN WHAT YOU THINK THEY NEED?"," ARE THERE ANY OTHER COMMENTS YOU WOULD LIKE TO MAKE ABOUT THE TRAINING OF MEN FOR COMBAT, OR SUGGESTIONS FOR GIVING THE MEN WHAT YOU THINK THEY NEED?"
176,S40O.Q50A,S40O.Q50A, WITH GERMANY?, WITH GERMANY?
177,S40O.Q50B,S40O.Q50B, WITH JAPAN?, WITH JAPAN?
178,S40O.Q51,S40O.Q51, WHICH COMES CLOSEST TO YOUR IDEA OF HOW HARD IT IS GOING TO BE TO BEAT THE JAPANESE?, WHICH COMES CLOSEST TO YOUR IDEA OF HOW HARD IT IS GOING TO BE TO BEAT THE JAPANESE?
179,S40O.Q52,S40O.Q52, WHICH COMES CLOSEST TO YOUR IDEA OF HOW HARD IT IS GOING TO BE TO BEAT THE GERMANS?, WHICH COMES CLOSEST TO YOUR IDEA OF HOW HARD IT IS GOING TO BE TO BEAT THE GERMANS?
180,S40O.Q53,S40O.Q53," IN GENERAL, DO YOU THINK THAT CIVILIANS IN THIS COUNTRY ARE TAKING THE WAR SERIOUSLY ENOUGH?"," IN GENERAL, DO YOU THINK THAT CIVILIANS IN THIS COUNTRY ARE TAKING THE WAR SERIOUSLY ENOUGH?"
181,S40O.Q54A,S40O.Q54A, DO YOU THINK IT IS AT ALL LIKELY THAT WE SHALL HAVE TO FIGHT THE BRITISH SOMETIME AFTER THE PRESENT WAR IS OVER?, DO YOU THINK IT IS AT ALL LIKELY THAT WE SHALL HAVE TO FIGHT THE BRITISH SOMETIME AFTER THE PRESENT WAR IS OVER?
182,S40O.Q54B,S40O.Q54B," IF YOU THINK WAR WITH THE BRITISH IS AT ALL LIKELY, WHAT IS YOUR REASON FOR THINKING THIS?"," IF YOU THINK WAR WITH THE BRITISH IS AT ALL LIKELY, WHAT IS YOUR REASON FOR THINKING THIS?"
183,S40O.V54C.1,S40O.V54C.1, FURTHER SPECIFIC ANSWERS TO Q.54B:, FURTHER SPECIFIC ANSWERS TO Q.54B: E. CONFLICT OF ECONOMIC INTERESTS:
184,S40O.V54C.2,S40O.V54C.2, FURTHER SPECIFIC ANSWERS TO Q.54B:  6, FURTHER SPECIFIC ANSWERS TO Q.54B: E. CONFLICT OF ECONOMIC INTERESTS:
185,S40O.V54C.3,S40O.V54C.3, FURTHER SPECIFIC ANSWERS TO Q.54B:  12, FURTHER SPECIFIC ANSWERS TO Q.54B: E. CONFLICT OF ECONOMIC INTERESTS:
186,S40O.V54C.4,S40O.V54C.4, FURTHER SPECIFIC ANSWERS TO Q.54B:  9, FURTHER SPECIFIC ANSWERS TO Q.54B: E. CONFLICT OF ECONOMIC INTERESTS:
187,S40O.V54C.5,S40O.V54C.5, FURTHER SPECIFIC ANSWERS TO Q.54B:, FURTHER SPECIFIC ANSWERS TO Q.54B: E. CONFLICT OF ECONOMIC INTERESTS:
188,S40O.V54C.6,S40O.V54C.6, FURTHER SPECIFIC ANSWERS TO Q.54B:  7, FURTHER SPECIFIC ANSWERS TO Q.54B: E. BRITISH IMPERIALISM:
189,S40O.V54C.7,S40O.V54C.7, FURTHER SPECIFIC ANSWERS TO Q.54B:  21, FURTHER SPECIFIC ANSWERS TO Q.54B: E. BRITISH IMPERIALISM:
190,S40O.V54C.8,S40O.V54C.8, FURTHER SPECIFIC ANSWERS TO Q.54B:  2, FURTHER SPECIFIC ANSWERS TO Q.54B: E. BRITISH IMPERIALISM:
191,S40O.V54C.9,S40O.V54C.9, FURTHER SPECIFIC ANSWERS TO Q.54B:  14, FURTHER SPECIFIC ANSWERS TO Q.54B: E. CHARACTER OF THE BRITISH:
192,S40O.V54C.10,S40O.V54C.10, FURTHER SPECIFIC ANSWERS TO Q.54B:  17, FURTHER SPECIFIC ANSWERS TO Q.54B: E. CHARACTER OF THE BRITISH:
193,S40O.V54C.11,S40O.V54C.11, FURTHER SPECIFIC ANSWERS TO Q.54B:  3, FURTHER SPECIFIC ANSWERS TO Q.54B: E. CHARACTER OF THE BRITISH:
194,S40O.V54C.12,S40O.V54C.12, FURTHER SPECIFIC ANSWERS TO Q.54B:  4, FURTHER SPECIFIC ANSWERS TO Q.54B: E. FAILURE TO MAKE SUITABLE PEACE TERMS:
195,S40O.V54C.13,S40O.V54C.13, FURTHER SPECIFIC ANSWERS TO Q.54B:  1, FURTHER SPECIFIC ANSWERS TO Q.54B: E. FAILURE TO MAKE SUITABLE PEACE TERMS:
196,S40O.V54C.14,S40O.V54C.14, FURTHER SPECIFIC ANSWERS TO Q.54B:  0, FURTHER SPECIFIC ANSWERS TO Q.54B: E. FAILURE TO MAKE SUITABLE PEACE TERMS:
197,S40O.V54C.15,S40O.V54C.15, FURTHER SPECIFIC ANSWERS TO Q.54B: 7, FURTHER SPECIFIC ANSWERS TO Q.54B: E. FAILURE TO MAKE SUITABLE PEACE TERMS:
198,S40O.V54C.16,S40O.V54C.16, FURTHER SPECIFIC ANSWERS TO Q.54B:  14, FURTHER SPECIFIC ANSWERS TO Q.54B: E. HISTORICAL REASONS:
199,S40O.V54C.17,S40O.V54C.17, FURTHER SPECIFIC ANSWERS TO Q.54B:  0, FURTHER SPECIFIC ANSWERS TO Q.54B: E. HISTORICAL REASONS:
200,S40O.V54C.18,S40O.V54C.18, FURTHER SPECIFIC ANSWERS TO Q.54B:  33, FURTHER SPECIFIC ANSWERS TO Q.54B: E. MISCELLANEOUS:
201,S40O.V54C.19,S40O.V54C.19, FURTHER SPECIFIC ANSWERS TO Q.54B:  5, FURTHER SPECIFIC ANSWERS TO Q.54B: E. MISCELLANEOUS:
202,S40O.V54C.20,S40O.V54C.20, FURTHER SPECIFIC ANSWERS TO Q.54B:  1, FURTHER SPECIFIC ANSWERS TO Q.54B: E. MISCELLANEOUS:
203,S40O.Q55A,S40O.Q55A, DO YOU THINK IT IS AT ALL LIKELY WE SHALL HAVE TO FIGHT THE RUSSIANS SOMETIME AFTER THE PRESENT WAR IS OVER?, DO YOU THINK IT IS AT ALL LIKELY WE SHALL HAVE TO FIGHT THE RUSSIANS SOMETIME AFTER THE PRESENT WAR IS OVER?
204,S40O.Q55B.1,S40O.Q55B," IF YOU THINK WAR WITH THE RUSSIANS IS AT ALL LIKELY, WHAT IS YOUR REASON FOR THINKING THIS?","IF YOU THINK WAR WITH THE RUSSIANS IS AT ALL LIKELY, WHAT IS YOUR REASON FOR THINKING THIS?"
205,S40O.Q55B.2,S40O.Q55C.1, E. DIFFERENCE BETWEEN U.S. AND RUSSIA:,"IF YOU THINK WAR WITH THE RUSSIANS IS AT ALL LIKELY, WHAT IS YOUR REASON FOR THINKING THIS? E. DIFFERENCE BETWEEN U.S. AND RUSSIA:"
206,S40O.Q55B.3,S40O.Q55C.2, E. DIFFERENCE BETWEEN U.S. AND RUSSIA:  11,"IF YOU THINK WAR WITH THE RUSSIANS IS AT ALL LIKELY, WHAT IS YOUR REASON FOR THINKING THIS? E. DIFFERENCE BETWEEN U.S. AND RUSSIA:"
207,S40O.Q55B.4,S40O.Q55C.3, E. DIFFERENCE BETWEEN U.S. AND RUSSIA:  7,"IF YOU THINK WAR WITH THE RUSSIANS IS AT ALL LIKELY, WHAT IS YOUR REASON FOR THINKING THIS? E. DIFFERENCE BETWEEN U.S. AND RUSSIA:"
208,S40O.Q55B.5,S40O.Q55C.4, E. DIFFERENCE BETWEEN U.S. AND RUSSIA:  140,"IF YOU THINK WAR WITH THE RUSSIANS IS AT ALL LIKELY, WHAT IS YOUR REASON FOR THINKING THIS? E. DIFFERENCE BETWEEN U.S. AND RUSSIA:"
209,S40O.Q55B.6,S40O.Q55C.5,E. RUSSIAN AMBITION TO SPREAD COMMUNISM AND DOMINATE OTHER COUNTRIES:,"IF YOU THINK WAR WITH THE RUSSIANS IS AT ALL LIKELY, WHAT IS YOUR REASON FOR THINKING THIS? E. RUSSIAN AMBITION TO SPREAD COMMUNISM AND DOMINATE OTHER COUNTRIES:"
210,S40O.Q55B.7,S40O.Q55C.6,E. RUSSIAN AMBITION TO SPREAD COMMUNISM AND DOMINATE OTHER COUNTRIES:,"IF YOU THINK WAR WITH THE RUSSIANS IS AT ALL LIKELY, WHAT IS YOUR REASON FOR THINKING THIS? E. RUSSIAN AMBITION TO SPREAD COMMUNISM AND DOMINATE OTHER COUNTRIES:"
211,S40O.Q55B.8,S40O.Q55C.7,E. RUSSIAN AMBITION TO SPREAD COMMUNISM AND DOMINATE OTHER COUNTRIES:,"IF YOU THINK WAR WITH THE RUSSIANS IS AT ALL LIKELY, WHAT IS YOUR REASON FOR THINKING THIS? E. RUSSIAN AMBITION TO SPREAD COMMUNISM AND DOMINATE OTHER COUNTRIES:"
212,S40O.Q55B.9,S40O.Q55C.8,E. RUSSIAN AMBITION TO SPREAD COMMUNISM AND DOMINATE OTHER COUNTRIES:,"IF YOU THINK WAR WITH THE RUSSIANS IS AT ALL LIKELY, WHAT IS YOUR REASON FOR THINKING THIS? E. RUSSIAN AMBITION TO SPREAD COMMUNISM AND DOMINATE OTHER COUNTRIES:"
213,S40O.Q55B.10,S40O.Q55C.9,E. RUSSIAN AMBITION TO SPREAD COMMUNISM AND DOMINATE OTHER COUNTRIES:,"IF YOU THINK WAR WITH THE RUSSIANS IS AT ALL LIKELY, WHAT IS YOUR REASON FOR THINKING THIS? E. RUSSIAN AMBITION TO SPREAD COMMUNISM AND DOMINATE OTHER COUNTRIES:"
214,S40O.Q55B.11,S40O.Q55C.10,E. RUSSIAN AMBITION TO SPREAD COMMUNISM AND DOMINATE OTHER COUNTRIES:,"IF YOU THINK WAR WITH THE RUSSIANS IS AT ALL LIKELY, WHAT IS YOUR REASON FOR THINKING THIS? E. RUSSIAN AMBITION TO SPREAD COMMUNISM AND DOMINATE OTHER COUNTRIES:"
215,S40O.Q55B.12,S40O.Q55C.11,E. UNFRIENDLINESS AND SUSPICION BETWEEN RUSSIA AND ALLIES:,"IF YOU THINK WAR WITH THE RUSSIANS IS AT ALL LIKELY, WHAT IS YOUR REASON FOR THINKING THIS? E. UNFRIENDLINESS AND SUSPICION BETWEEN RUSSIA AND ALLIES:"
216,S40O.Q55B.13,S40O.Q55C.12,E. UNFRIENDLINESS AND SUSPICION BETWEEN RUSSIA AND ALLIES:,"IF YOU THINK WAR WITH THE RUSSIANS IS AT ALL LIKELY, WHAT IS YOUR REASON FOR THINKING THIS? E. UNFRIENDLINESS AND SUSPICION BETWEEN RUSSIA AND ALLIES:"
217,S40O.Q55B.14,S40O.Q55C.13,E. UNFRIENDLINESS AND SUSPICION BETWEEN RUSSIA AND ALLIES:,"IF YOU THINK WAR WITH THE RUSSIANS IS AT ALL LIKELY, WHAT IS YOUR REASON FOR THINKING THIS? E. UNFRIENDLINESS AND SUSPICION BETWEEN RUSSIA AND ALLIES:"
218,S40O.Q55B.15,S40O.Q55C.14,E. UNFRIENDLINESS AND SUSPICION BETWEEN RUSSIA AND ALLIES:,"IF YOU THINK WAR WITH THE RUSSIANS IS AT ALL LIKELY, WHAT IS YOUR REASON FOR THINKING THIS? E. UNFRIENDLINESS AND SUSPICION BETWEEN RUSSIA AND ALLIES:"
219,S40O.Q55B.16,S40O.Q55C.15,E. FAILURE TO MAKE SUITABLE PEACE TERMS:,"IF YOU THINK WAR WITH THE RUSSIANS IS AT ALL LIKELY, WHAT IS YOUR REASON FOR THINKING THIS? E. FAILURE TO MAKE SUITABLE PEACE TERMS:"
220,S40O.Q55B.17,S40O.Q55C.16,E. FAILURE TO MAKE SUITABLE PEACE TERMS:,"IF YOU THINK WAR WITH THE RUSSIANS IS AT ALL LIKELY, WHAT IS YOUR REASON FOR THINKING THIS? E. FAILURE TO MAKE SUITABLE PEACE TERMS:"
221,S40O.Q55B.18,S40O.Q55C.17,E. FAILURE TO MAKE SUITABLE PEACE TERMS:,"IF YOU THINK WAR WITH THE RUSSIANS IS AT ALL LIKELY, WHAT IS YOUR REASON FOR THINKING THIS? E. FAILURE TO MAKE SUITABLE PEACE TERMS:"
222,S40O.Q55B.19,S40O.Q55C.18,E. MISCELLANEOUS:,"IF YOU THINK WAR WITH THE RUSSIANS IS AT ALL LIKELY, WHAT IS YOUR REASON FOR THINKING THIS? E. MISCELLANEOUS:"
223,S40O.Q55B.20,S40O.Q55C.19,E. MISCELLANEOUS:,"IF YOU THINK WAR WITH THE RUSSIANS IS AT ALL LIKELY, WHAT IS YOUR REASON FOR THINKING THIS? E. MISCELLANEOUS:"
224,S40O.Q55B.21,S40O.Q55C.20,E. MISCELLANEOUS:,"IF YOU THINK WAR WITH THE RUSSIANS IS AT ALL LIKELY, WHAT IS YOUR REASON FOR THINKING THIS? E. MISCELLANEOUS:"
225,S40O.Q55B.22,S40O.Q55C.21,E. MISCELLANEOUS:,"IF YOU THINK WAR WITH THE RUSSIANS IS AT ALL LIKELY, WHAT IS YOUR REASON FOR THINKING THIS? E. MISCELLANEOUS:"
226,CARD..3,CARD..3,CARD.,CARD.
227,DECK..3,DECK..3,DECK.,DECK.
228,BALLOT..3,BALLOT..3,BALLOT.,BALLOT.
229,FORM..3,FORM..3,FORM.,FORM.
230,S40O.Q56,S40O.Q56," IF THE GERMANS WERE TO OFFER TO STOP FIGHTING NOW AND TO GIVE UP THE TERRITORY THEY HAVE CONQUERED, WHAT SHOULD WE DO?"," IF THE GERMANS WERE TO OFFER TO STOP FIGHTING NOW AND TO GIVE UP THE TERRITORY THEY HAVE CONQUERED, WHAT SHOULD WE DO?"
231,S40O.Q57,S40O.Q57," IF THE JAPANESE WERE TO OFFER TO STOP FIGHTING NOW AND TO GIVE UP THE TERRITORY THEY HAVE CONQUERED, WHAT SHOULD WE DO?"," IF THE JAPANESE WERE TO OFFER TO STOP FIGHTING NOW AND TO GIVE UP THE TERRITORY THEY HAVE CONQUERED, WHAT SHOULD WE DO?"
232,S40O.Q58A,S40O.Q58A," ""CONSIDERING EVERYTHING, THE BRITISH ARE DOING AS GOOD A JOB AS POSSIBLE OF FIGHTING THIS WAR?"""," ""CONSIDERING EVERYTHING, THE BRITISH ARE DOING AS GOOD A JOB AS POSSIBLE OF FIGHTING THIS WAR?"""
233,S40O.Q58B,S40O.Q58B," ""AFTER THE WAR, WE SHOULD ALLOW THE GERMAN PEOPLE TO RUN THEIR OWN GOVERNMENT?"""," ""AFTER THE WAR, WE SHOULD ALLOW THE GERMAN PEOPLE TO RUN THEIR OWN GOVERNMENT?"""
234,S40O.Q58C,S40O.Q58C," ""WHEN THE WAR IS OVER, THE RUSSIANS WILL TRY AS MUCH AS POSSIBLE TO WORK OUT A JUST AND LASTING PEACE?"""," ""WHEN THE WAR IS OVER, THE RUSSIANS WILL TRY AS MUCH AS POSSIBLE TO WORK OUT A JUST AND LASTING PEACE?"""
235,S40O.Q58D,S40O.Q58D," ""WE SHOULD SEE TO IT THAT THE JAPANESE PEOPLE SUFFER PLENTY FOR ALL THE TROUBLE THEY ARE CAUSING US?"""," ""WE SHOULD SEE TO IT THAT THE JAPANESE PEOPLE SUFFER PLENTY FOR ALL THE TROUBLE THEY ARE CAUSING US?"""
236,S40O.Q58E,S40O.Q58E," ""BRITAIN IS MORE INTERESTED IN DOMINATING OR CONTROLLING THE WORLD THAN SHE IS IN BUILDING A TRULY DEMOCRATIC WORLD?"""," ""BRITAIN IS MORE INTERESTED IN DOMINATING OR CONTROLLING THE WORLD THAN SHE IS IN BUILDING A TRULY DEMOCRATIC WORLD?"""
237,S40O.Q58F,S40O.Q58F," ""EVEN IF WE HAD NOT BEEN ATTACKED, THERE WAS NO WAY FOR US TO STAY OUT OF THIS WAR?"""," ""EVEN IF WE HAD NOT BEEN ATTACKED, THERE WAS NO WAY FOR US TO STAY OUT OF THIS WAR?"""
238,S40O.Q58G,S40O.Q58G," ""CONSIDERING EVERYTHING, THE RUSSIANS ARE DOING AS GOOD A JOB AS POSSIBLE OF FIGHTING THIS WAR?"""," ""CONSIDERING EVERYTHING, THE RUSSIANS ARE DOING AS GOOD A JOB AS POSSIBLE OF FIGHTING THIS WAR?"""
239,S40O.Q58H,S40O.Q58H," ""AFTER THE WAR, WE SHOULD ALLOW THE JAPANESE PEOPLE TO RUN THEIR OWN GOVERNMENT?"""," ""AFTER THE WAR, WE SHOULD ALLOW THE JAPANESE PEOPLE TO RUN THEIR OWN GOVERNMENT?"""
240,S40O.Q58I,S40O.Q58I," ""WHEN THE WAR IS OVER, THE BRITISH WILL TRY AS MUCH AS POSSIBLE TO WORK OUT A JUST AND LASTING PEACE?"""," ""WHEN THE WAR IS OVER, THE BRITISH WILL TRY AS MUCH AS POSSIBLE TO WORK OUT A JUST AND LASTING PEACE?"""
241,S40O.Q58J,S40O.Q58J," ""WE SHOULD SEE TO IT THAT THE GERMAN PEOPLE SUFFER PLENTY FOR ALL THE TROUBLE THEY ARE CAUSING US?"""," ""WE SHOULD SEE TO IT THAT THE GERMAN PEOPLE SUFFER PLENTY FOR ALL THE TROUBLE THEY ARE CAUSING US?"""
242,S40O.Q58K,S40O.Q58K," ""RUSSIA IS MORE INTERESTED IN DOMINATING OR CONTROLLING THE WORLD THAN SHE IS IN BUILDING A TRULY DEMOCRATIC WORLD?"""," ""RUSSIA IS MORE INTERESTED IN DOMINATING OR CONTROLLING THE WORLD THAN SHE IS IN BUILDING A TRULY DEMOCRATIC WORLD?"""
243,S40O.Q59A,S40O.Q59A, DO YOU FEEL THAT MOST OF THE SOLDIERS IN YOUR COMMAND HAVE A FULL UNDERSTANDING OF WHY WE ARE FIGHTING THIS WAR?, DO YOU FEEL THAT MOST OF THE SOLDIERS IN YOUR COMMAND HAVE A FULL UNDERSTANDING OF WHY WE ARE FIGHTING THIS WAR?
244,S40O.Q59B,S40O.Q59B, DO YOU FEEL THAT MOST OF THEM FULLY UNDERSTAND THE THREAT TO OUR WAY OF LIFE IF WE LOSE?, DO YOU FEEL THAT MOST OF THEM FULLY UNDERSTAND THE THREAT TO OUR WAY OF LIFE IF WE LOSE?
245,S40O.Q59C.n,S40O.Q59C.n, WHAT STEPS WOULD YOU RECOMMEND TO IMPROVE THEIR UNDERSTANDING OF THESE MATTERS?, WHAT STEPS WOULD YOU RECOMMEND TO IMPROVE THEIR UNDERSTANDING OF THESE MATTERS?
246,S40O.Q60A.1,S40O.Q60A.1," HOW DO YOU FEEL ABOUT THE INFORMATION AVAILABLE TO SOLDIERS ABOUT OUR ALLIES AND THE PROGRESS OF THE WAR?  Q.60B. IF YOU THINK MORE INFORMATION IS NEEDED, WHAT SOURCES SHOULD BE EMPLOYED TO SUPPLY IT?"," HOW DO YOU FEEL ABOUT THE INFORMATION AVAILABLE TO SOLDIERS ABOUT OUR ALLIES AND THE PROGRESS OF THE WAR?  Q.60B. IF YOU THINK MORE INFORMATION IS NEEDED, WHAT SOURCES SHOULD BE EMPLOYED TO SUPPLY IT?"
247,S40O.Q60A.2,S40O.Q60A.2," HOW DO YOU FEEL ABOUT THE INFORMATION AVAILABLE TO SOLDIERS ABOUT OUR ALLIES AND THE PROGRESS OF THE WAR?  Q.60B. IF YOU THINK MORE INFORMATION IS NEEDED, WHAT SOURCES SHOULD BE EMPLOYED TO SUPPLY IT?  182"," HOW DO YOU FEEL ABOUT THE INFORMATION AVAILABLE TO SOLDIERS ABOUT OUR ALLIES AND THE PROGRESS OF THE WAR?  Q.60B. IF YOU THINK MORE INFORMATION IS NEEDED, WHAT SOURCES SHOULD BE EMPLOYED TO SUPPLY IT?"
248,S40O.Q60A.3,S40O.Q60A.3," HOW DO YOU FEEL ABOUT THE INFORMATION AVAILABLE TO SOLDIERS ABOUT OUR ALLIES AND THE PROGRESS OF THE WAR?  Q.60B. IF YOU THINK MORE INFORMATION IS NEEDED, WHAT SOURCES SHOULD BE EMPLOYED TO SUPPLY IT?  79"," HOW DO YOU FEEL ABOUT THE INFORMATION AVAILABLE TO SOLDIERS ABOUT OUR ALLIES AND THE PROGRESS OF THE WAR?  Q.60B. IF YOU THINK MORE INFORMATION IS NEEDED, WHAT SOURCES SHOULD BE EMPLOYED TO SUPPLY IT?"
249,S40O.Q60A.4,S40O.Q60A.4," HOW DO YOU FEEL ABOUT THE INFORMATION AVAILABLE TO SOLDIERS ABOUT OUR ALLIES AND THE PROGRESS OF THE WAR?  Q.60B. IF YOU THINK MORE INFORMATION IS NEEDED, WHAT SOURCES SHOULD BE EMPLOYED TO SUPPLY IT?  71"," HOW DO YOU FEEL ABOUT THE INFORMATION AVAILABLE TO SOLDIERS ABOUT OUR ALLIES AND THE PROGRESS OF THE WAR?  Q.60B. IF YOU THINK MORE INFORMATION IS NEEDED, WHAT SOURCES SHOULD BE EMPLOYED TO SUPPLY IT?"
250,S40O.Q60A.5,S40O.Q60A.5," HOW DO YOU FEEL ABOUT THE INFORMATION AVAILABLE TO SOLDIERS ABOUT OUR ALLIES AND THE PROGRESS OF THE WAR?  Q.60B. IF YOU THINK MORE INFORMATION IS NEEDED, WHAT SOURCES SHOULD BE EMPLOYED TO SUPPLY IT?  105"," HOW DO YOU FEEL ABOUT THE INFORMATION AVAILABLE TO SOLDIERS ABOUT OUR ALLIES AND THE PROGRESS OF THE WAR?  Q.60B. IF YOU THINK MORE INFORMATION IS NEEDED, WHAT SOURCES SHOULD BE EMPLOYED TO SUPPLY IT?"
251,S40O.Q60A.6,S40O.Q60A.6," HOW DO YOU FEEL ABOUT THE INFORMATION AVAILABLE TO SOLDIERS ABOUT OUR ALLIES AND THE PROGRESS OF THE WAR?  Q.60B. IF YOU THINK MORE INFORMATION IS NEEDED, WHAT SOURCES SHOULD BE EMPLOYED TO SUPPLY IT?  74"," HOW DO YOU FEEL ABOUT THE INFORMATION AVAILABLE TO SOLDIERS ABOUT OUR ALLIES AND THE PROGRESS OF THE WAR?  Q.60B. IF YOU THINK MORE INFORMATION IS NEEDED, WHAT SOURCES SHOULD BE EMPLOYED TO SUPPLY IT?"
252,S40O.Q60A.7,S40O.Q60A.7," HOW DO YOU FEEL ABOUT THE INFORMATION AVAILABLE TO SOLDIERS ABOUT OUR ALLIES AND THE PROGRESS OF THE WAR?  Q.60B. IF YOU THINK MORE INFORMATION IS NEEDED, WHAT SOURCES SHOULD BE EMPLOYED TO SUPPLY IT?  44"," HOW DO YOU FEEL ABOUT THE INFORMATION AVAILABLE TO SOLDIERS ABOUT OUR ALLIES AND THE PROGRESS OF THE WAR?  Q.60B. IF YOU THINK MORE INFORMATION IS NEEDED, WHAT SOURCES SHOULD BE EMPLOYED TO SUPPLY IT?"
253,S40O.Q60A.8,S40O.Q60A.8," HOW DO YOU FEEL ABOUT THE INFORMATION AVAILABLE TO SOLDIERS ABOUT OUR ALLIES AND THE PROGRESS OF THE WAR?  Q.60B. IF YOU THINK MORE INFORMATION IS NEEDED, WHAT SOURCES SHOULD BE EMPLOYED TO SUPPLY IT?  26"," HOW DO YOU FEEL ABOUT THE INFORMATION AVAILABLE TO SOLDIERS ABOUT OUR ALLIES AND THE PROGRESS OF THE WAR?  Q.60B. IF YOU THINK MORE INFORMATION IS NEEDED, WHAT SOURCES SHOULD BE EMPLOYED TO SUPPLY IT?"
254,S40O.Q60A.9,S40O.Q60A.9," HOW DO YOU FEEL ABOUT THE INFORMATION AVAILABLE TO SOLDIERS ABOUT OUR ALLIES AND THE PROGRESS OF THE WAR?  Q.60B. IF YOU THINK MORE INFORMATION IS NEEDED, WHAT SOURCES SHOULD BE EMPLOYED TO SUPPLY IT?  65"," HOW DO YOU FEEL ABOUT THE INFORMATION AVAILABLE TO SOLDIERS ABOUT OUR ALLIES AND THE PROGRESS OF THE WAR?  Q.60B. IF YOU THINK MORE INFORMATION IS NEEDED, WHAT SOURCES SHOULD BE EMPLOYED TO SUPPLY IT?"
255,S40O.Q60A.10,S40O.Q60A.10," HOW DO YOU FEEL ABOUT THE INFORMATION AVAILABLE TO SOLDIERS ABOUT OUR ALLIES AND THE PROGRESS OF THE WAR?  Q.60B. IF YOU THINK MORE INFORMATION IS NEEDED, WHAT SOURCES SHOULD BE EMPLOYED TO SUPPLY IT?  126"," HOW DO YOU FEEL ABOUT THE INFORMATION AVAILABLE TO SOLDIERS ABOUT OUR ALLIES AND THE PROGRESS OF THE WAR?  Q.60B. IF YOU THINK MORE INFORMATION IS NEEDED, WHAT SOURCES SHOULD BE EMPLOYED TO SUPPLY IT?"
256,S40O.Q60A.11,S40O.Q60A.11," HOW DO YOU FEEL ABOUT THE INFORMATION AVAILABLE TO SOLDIERS ABOUT OUR ALLIES AND THE PROGRESS OF THE WAR?  Q.60B. IF YOU THINK MORE INFORMATION IS NEEDED, WHAT SOURCES SHOULD BE EMPLOYED TO SUPPLY IT?  1364"," HOW DO YOU FEEL ABOUT THE INFORMATION AVAILABLE TO SOLDIERS ABOUT OUR ALLIES AND THE PROGRESS OF THE WAR?  Q.60B. IF YOU THINK MORE INFORMATION IS NEEDED, WHAT SOURCES SHOULD BE EMPLOYED TO SUPPLY IT?"
257,S40O.Q60A.12,S40O.Q60A.12," HOW DO YOU FEEL ABOUT THE INFORMATION AVAILABLE TO SOLDIERS ABOUT OUR ALLIES AND THE PROGRESS OF THE WAR?  Q.60B. IF YOU THINK MORE INFORMATION IS NEEDED, WHAT SOURCES SHOULD BE EMPLOYED TO SUPPLY IT?  16"," HOW DO YOU FEEL ABOUT THE INFORMATION AVAILABLE TO SOLDIERS ABOUT OUR ALLIES AND THE PROGRESS OF THE WAR?  Q.60B. IF YOU THINK MORE INFORMATION IS NEEDED, WHAT SOURCES SHOULD BE EMPLOYED TO SUPPLY IT?"
258,S40O.Q61A.1.x,S40O.Q61A.1.x," DO YOU THINK THAT THE WAR NEWS SUPPLIED SOLDIERS SHOULD CONSIST ONLY OF BARE FACTS OR DO YOU THINK THEY NEED TO HAVE SOME OF THE NEWS INTERPRETED FOR THEM?  Q.61B. IF YOU THINK INTERPRETATION IS NEEDED, WHO DO YOU THINK SHOULD SUPPLY THE INTERPRETATION?"," DO YOU THINK THAT THE WAR NEWS SUPPLIED SOLDIERS SHOULD CONSIST ONLY OF BARE FACTS OR DO YOU THINK THEY NEED TO HAVE SOME OF THE NEWS INTERPRETED FOR THEM?  Q.61B. IF YOU THINK INTERPRETATION IS NEEDED, WHO DO YOU THINK SHOULD SUPPLY THE INTERPRETATION?"
259,S40O.Q61A.2.x,S40O.Q61A.2.x," DO YOU THINK THAT THE WAR NEWS SUPPLIED SOLDIERS SHOULD CONSIST ONLY OF BARE FACTS OR DO YOU THINK THEY NEED TO HAVE SOME OF THE NEWS INTERPRETED FOR THEM?  Q.61B. IF YOU THINK INTERPRETATION IS NEEDED, WHO DO YOU THINK SHOULD SUPPLY THE INTERPR"," DO YOU THINK THAT THE WAR NEWS SUPPLIED SOLDIERS SHOULD CONSIST ONLY OF BARE FACTS OR DO YOU THINK THEY NEED TO HAVE SOME OF THE NEWS INTERPRETED FOR THEM?  Q.61B. IF YOU THINK INTERPRETATION IS NEEDED, WHO DO YOU THINK SHOULD SUPPLY THE INTERPRETATION?"
260,S40O.Q61A.3.x,S40O.Q61A.3.x," DO YOU THINK THAT THE WAR NEWS SUPPLIED SOLDIERS SHOULD CONSIST ONLY OF BARE FACTS OR DO YOU THINK THEY NEED TO HAVE SOME OF THE NEWS INTERPRETED FOR THEM?  Q.61B. IF YOU THINK INTERPRETATION IS NEEDED, WHO DO YOU THINK SHOULD SUPPLY THE INTERPR"," DO YOU THINK THAT THE WAR NEWS SUPPLIED SOLDIERS SHOULD CONSIST ONLY OF BARE FACTS OR DO YOU THINK THEY NEED TO HAVE SOME OF THE NEWS INTERPRETED FOR THEM?  Q.61B. IF YOU THINK INTERPRETATION IS NEEDED, WHO DO YOU THINK SHOULD SUPPLY THE INTERPRETATION?"
261,S40O.Q61A.4.x,S40O.Q61A.4.x," DO YOU THINK THAT THE WAR NEWS SUPPLIED SOLDIERS SHOULD CONSIST ONLY OF BARE FACTS OR DO YOU THINK THEY NEED TO HAVE SOME OF THE NEWS INTERPRETED FOR THEM?  Q.61B. IF YOU THINK INTERPRETATION IS NEEDED, WHO DO YOU THINK SHOULD SUPPLY THE INTERPR"," DO YOU THINK THAT THE WAR NEWS SUPPLIED SOLDIERS SHOULD CONSIST ONLY OF BARE FACTS OR DO YOU THINK THEY NEED TO HAVE SOME OF THE NEWS INTERPRETED FOR THEM?  Q.61B. IF YOU THINK INTERPRETATION IS NEEDED, WHO DO YOU THINK SHOULD SUPPLY THE INTERPRETATION?"
262,S40O.Q61A.5.x,S40O.Q61A.5.x," DO YOU THINK THAT THE WAR NEWS SUPPLIED SOLDIERS SHOULD CONSIST ONLY OF BARE FACTS OR DO YOU THINK THEY NEED TO HAVE SOME OF THE NEWS INTERPRETED FOR THEM?  Q.61B. IF YOU THINK INTERPRETATION IS NEEDED, WHO DO YOU THINK SHOULD SUPPLY THE INTERPR"," DO YOU THINK THAT THE WAR NEWS SUPPLIED SOLDIERS SHOULD CONSIST ONLY OF BARE FACTS OR DO YOU THINK THEY NEED TO HAVE SOME OF THE NEWS INTERPRETED FOR THEM?  Q.61B. IF YOU THINK INTERPRETATION IS NEEDED, WHO DO YOU THINK SHOULD SUPPLY THE INTERPRETATION?"
263,S40O.Q61A.6.x,S40O.Q61A.6.x," DO YOU THINK THAT THE WAR NEWS SUPPLIED SOLDIERS SHOULD CONSIST ONLY OF BARE FACTS OR DO YOU THINK THEY NEED TO HAVE SOME OF THE NEWS INTERPRETED FOR THEM?  Q.61B. IF YOU THINK INTERPRETATION IS NEEDED, WHO DO YOU THINK SHOULD SUPPLY THE INTERPR"," DO YOU THINK THAT THE WAR NEWS SUPPLIED SOLDIERS SHOULD CONSIST ONLY OF BARE FACTS OR DO YOU THINK THEY NEED TO HAVE SOME OF THE NEWS INTERPRETED FOR THEM?  Q.61B. IF YOU THINK INTERPRETATION IS NEEDED, WHO DO YOU THINK SHOULD SUPPLY THE INTERPRETATION?"
264,S40O.Q61A.7.x,S40O.Q61A.7.x," DO YOU THINK THAT THE WAR NEWS SUPPLIED SOLDIERS SHOULD CONSIST ONLY OF BARE FACTS OR DO YOU THINK THEY NEED TO HAVE SOME OF THE NEWS INTERPRETED FOR THEM?  Q.61B. IF YOU THINK INTERPRETATION IS NEEDED, WHO DO YOU THINK SHOULD SUPPLY THE INTERPR"," DO YOU THINK THAT THE WAR NEWS SUPPLIED SOLDIERS SHOULD CONSIST ONLY OF BARE FACTS OR DO YOU THINK THEY NEED TO HAVE SOME OF THE NEWS INTERPRETED FOR THEM?  Q.61B. IF YOU THINK INTERPRETATION IS NEEDED, WHO DO YOU THINK SHOULD SUPPLY THE INTERPRETATION?"
265,S40O.Q61A.8.x,S40O.Q61A.8.x," DO YOU THINK THAT THE WAR NEWS SUPPLIED SOLDIERS SHOULD CONSIST ONLY OF BARE FACTS OR DO YOU THINK THEY NEED TO HAVE SOME OF THE NEWS INTERPRETED FOR THEM?  Q.61B. IF YOU THINK INTERPRETATION IS NEEDED, WHO DO YOU THINK SHOULD SUPPLY THE INTERPR"," DO YOU THINK THAT THE WAR NEWS SUPPLIED SOLDIERS SHOULD CONSIST ONLY OF BARE FACTS OR DO YOU THINK THEY NEED TO HAVE SOME OF THE NEWS INTERPRETED FOR THEM?  Q.61B. IF YOU THINK INTERPRETATION IS NEEDED, WHO DO YOU THINK SHOULD SUPPLY THE INTERPRETATION?"
266,S40O.Q61A.9.x,S40O.Q61A.9.x," DO YOU THINK THAT THE WAR NEWS SUPPLIED SOLDIERS SHOULD CONSIST ONLY OF BARE FACTS OR DO YOU THINK THEY NEED TO HAVE SOME OF THE NEWS INTERPRETED FOR THEM?  Q.61B. IF YOU THINK INTERPRETATION IS NEEDED, WHO DO YOU THINK SHOULD SUPPLY THE INTERPR"," DO YOU THINK THAT THE WAR NEWS SUPPLIED SOLDIERS SHOULD CONSIST ONLY OF BARE FACTS OR DO YOU THINK THEY NEED TO HAVE SOME OF THE NEWS INTERPRETED FOR THEM?  Q.61B. IF YOU THINK INTERPRETATION IS NEEDED, WHO DO YOU THINK SHOULD SUPPLY THE INTERPRETATION?"
267,S40O.Q61A.10.x,S40O.Q61A.10.x," DO YOU THINK THAT THE WAR NEWS SUPPLIED SOLDIERS SHOULD CONSIST ONLY OF BARE FACTS OR DO YOU THINK THEY NEED TO HAVE SOME OF THE NEWS INTERPRETED FOR THEM?  Q.61B. IF YOU THINK INTERPRETATION IS NEEDED, WHO DO YOU THINK SHOULD SUPPLY THE INTERPR"," DO YOU THINK THAT THE WAR NEWS SUPPLIED SOLDIERS SHOULD CONSIST ONLY OF BARE FACTS OR DO YOU THINK THEY NEED TO HAVE SOME OF THE NEWS INTERPRETED FOR THEM?  Q.61B. IF YOU THINK INTERPRETATION IS NEEDED, WHO DO YOU THINK SHOULD SUPPLY THE INTERPRETATION?"
268,S40O.Q61A.11.x,S40O.Q61A.11.x," DO YOU THINK THAT THE WAR NEWS SUPPLIED SOLDIERS SHOULD CONSIST ONLY OF BARE FACTS OR DO YOU THINK THEY NEED TO HAVE SOME OF THE NEWS INTERPRETED FOR THEM?  Q.61B. IF YOU THINK INTERPRETATION IS NEEDED, WHO DO YOU THINK SHOULD SUPPLY THE INTERPR"," DO YOU THINK THAT THE WAR NEWS SUPPLIED SOLDIERS SHOULD CONSIST ONLY OF BARE FACTS OR DO YOU THINK THEY NEED TO HAVE SOME OF THE NEWS INTERPRETED FOR THEM?  Q.61B. IF YOU THINK INTERPRETATION IS NEEDED, WHO DO YOU THINK SHOULD SUPPLY THE INTERPRETATION?"
269,S40O.Q61A.12.x,S40O.Q61A.12.x," DO YOU THINK THAT THE WAR NEWS SUPPLIED SOLDIERS SHOULD CONSIST ONLY OF BARE FACTS OR DO YOU THINK THEY NEED TO HAVE SOME OF THE NEWS INTERPRETED FOR THEM?  Q.61B. IF YOU THINK INTERPRETATION IS NEEDED, WHO DO YOU THINK SHOULD SUPPLY THE INTERPR"," DO YOU THINK THAT THE WAR NEWS SUPPLIED SOLDIERS SHOULD CONSIST ONLY OF BARE FACTS OR DO YOU THINK THEY NEED TO HAVE SOME OF THE NEWS INTERPRETED FOR THEM?  Q.61B. IF YOU THINK INTERPRETATION IS NEEDED, WHO DO YOU THINK SHOULD SUPPLY THE INTERPRETATION?"
270,S40O.Q62A.1.x,S40O.Q62A.1.x," HAVE YOU SEEN THE ARMY FILM ""PRELUDE TO WAR""?  Q.62B. IF YOU HAVE SEEN IT, WHAT WAS YOUR FRANK OPINION OF ITS VALUE AS A MEANS OF CORRECTLY INFORMING SOLDIERS WHY WE ARE FIGHTING?"," HAVE YOU SEEN THE ARMY FILM ""PRELUDE TO WAR""?  Q.62B. IF YOU HAVE SEEN IT, WHAT WAS YOUR FRANK OPINION OF ITS VALUE AS A MEANS OF CORRECTLY INFORMING SOLDIERS WHY WE ARE FIGHTING?"
271,S40O.Q62A.2.x,S40O.Q62A.2.x," HAVE YOU SEEN THE ARMY FILM ""PRELUDE TO WAR""?  Q.62B. IF YOU HAVE SEEN IT, WHAT WAS YOUR FRANK OPINION OF ITS VALUE AS A MEANS OF CORRECTLY INFORMING SOLDIERS WHY WE ARE FIGHTING?  43"," HAVE YOU SEEN THE ARMY FILM ""PRELUDE TO WAR""?  Q.62B. IF YOU HAVE SEEN IT, WHAT WAS YOUR FRANK OPINION OF ITS VALUE AS A MEANS OF CORRECTLY INFORMING SOLDIERS WHY WE ARE FIGHTING?"
272,S40O.Q62A.3.x,S40O.Q62A.3.x," HAVE YOU SEEN THE ARMY FILM ""PRELUDE TO WAR""?  Q.62B. IF YOU HAVE SEEN IT, WHAT WAS YOUR FRANK OPINION OF ITS VALUE AS A MEANS OF CORRECTLY INFORMING SOLDIERS WHY WE ARE FIGHTING?  24"," HAVE YOU SEEN THE ARMY FILM ""PRELUDE TO WAR""?  Q.62B. IF YOU HAVE SEEN IT, WHAT WAS YOUR FRANK OPINION OF ITS VALUE AS A MEANS OF CORRECTLY INFORMING SOLDIERS WHY WE ARE FIGHTING?"
273,S40O.Q62A.4.x,S40O.Q62A.4.x," HAVE YOU SEEN THE ARMY FILM ""PRELUDE TO WAR""?  Q.62B. IF YOU HAVE SEEN IT, WHAT WAS YOUR FRANK OPINION OF ITS VALUE AS A MEANS OF CORRECTLY INFORMING SOLDIERS WHY WE ARE FIGHTING?  19"," HAVE YOU SEEN THE ARMY FILM ""PRELUDE TO WAR""?  Q.62B. IF YOU HAVE SEEN IT, WHAT WAS YOUR FRANK OPINION OF ITS VALUE AS A MEANS OF CORRECTLY INFORMING SOLDIERS WHY WE ARE FIGHTING?"
274,S40O.Q62A.5.x,S40O.Q62A.5.x," HAVE YOU SEEN THE ARMY FILM ""PRELUDE TO WAR""?  Q.62B. IF YOU HAVE SEEN IT, WHAT WAS YOUR FRANK OPINION OF ITS VALUE AS A MEANS OF CORRECTLY INFORMING SOLDIERS WHY WE ARE FIGHTING?  6"," HAVE YOU SEEN THE ARMY FILM ""PRELUDE TO WAR""?  Q.62B. IF YOU HAVE SEEN IT, WHAT WAS YOUR FRANK OPINION OF ITS VALUE AS A MEANS OF CORRECTLY INFORMING SOLDIERS WHY WE ARE FIGHTING?"
275,S40O.Q62A.6.x,S40O.Q62A.6.x," HAVE YOU SEEN THE ARMY FILM ""PRELUDE TO WAR""?  Q.62B. IF YOU HAVE SEEN IT, WHAT WAS YOUR FRANK OPINION OF ITS VALUE AS A MEANS OF CORRECTLY INFORMING SOLDIERS WHY WE ARE FIGHTING?  29"," HAVE YOU SEEN THE ARMY FILM ""PRELUDE TO WAR""?  Q.62B. IF YOU HAVE SEEN IT, WHAT WAS YOUR FRANK OPINION OF ITS VALUE AS A MEANS OF CORRECTLY INFORMING SOLDIERS WHY WE ARE FIGHTING?"
276,S40O.Q62A.7.x,S40O.Q62A.7.x," HAVE YOU SEEN THE ARMY FILM ""PRELUDE TO WAR""?  Q.62B. IF YOU HAVE SEEN IT, WHAT WAS YOUR FRANK OPINION OF ITS VALUE AS A MEANS OF CORRECTLY INFORMING SOLDIERS WHY WE ARE FIGHTING?  20"," HAVE YOU SEEN THE ARMY FILM ""PRELUDE TO WAR""?  Q.62B. IF YOU HAVE SEEN IT, WHAT WAS YOUR FRANK OPINION OF ITS VALUE AS A MEANS OF CORRECTLY INFORMING SOLDIERS WHY WE ARE FIGHTING?"
277,S40O.Q62A.8.x,S40O.Q62A.8.x," HAVE YOU SEEN THE ARMY FILM ""PRELUDE TO WAR""?  Q.62B. IF YOU HAVE SEEN IT, WHAT WAS YOUR FRANK OPINION OF ITS VALUE AS A MEANS OF CORRECTLY INFORMING SOLDIERS WHY WE ARE FIGHTING?  8"," HAVE YOU SEEN THE ARMY FILM ""PRELUDE TO WAR""?  Q.62B. IF YOU HAVE SEEN IT, WHAT WAS YOUR FRANK OPINION OF ITS VALUE AS A MEANS OF CORRECTLY INFORMING SOLDIERS WHY WE ARE FIGHTING?"
278,S40O.Q62A.9.x,S40O.Q62A.9.x," HAVE YOU SEEN THE ARMY FILM ""PRELUDE TO WAR""?  Q.62B. IF YOU HAVE SEEN IT, WHAT WAS YOUR FRANK OPINION OF ITS VALUE AS A MEANS OF CORRECTLY INFORMING SOLDIERS WHY WE ARE FIGHTING?  56"," HAVE YOU SEEN THE ARMY FILM ""PRELUDE TO WAR""?  Q.62B. IF YOU HAVE SEEN IT, WHAT WAS YOUR FRANK OPINION OF ITS VALUE AS A MEANS OF CORRECTLY INFORMING SOLDIERS WHY WE ARE FIGHTING?"
279,S40O.Q62A.10.x,S40O.Q62A.10.x," HAVE YOU SEEN THE ARMY FILM ""PRELUDE TO WAR""?  Q.62B. IF YOU HAVE SEEN IT, WHAT WAS YOUR FRANK OPINION OF ITS VALUE AS A MEANS OF CORRECTLY INFORMING SOLDIERS WHY WE ARE FIGHTING?  829"," HAVE YOU SEEN THE ARMY FILM ""PRELUDE TO WAR""?  Q.62B. IF YOU HAVE SEEN IT, WHAT WAS YOUR FRANK OPINION OF ITS VALUE AS A MEANS OF CORRECTLY INFORMING SOLDIERS WHY WE ARE FIGHTING?"
280,S40O.Q62A.11.x,S40O.Q62A.11.x," HAVE YOU SEEN THE ARMY FILM ""PRELUDE TO WAR""?  Q.62B. IF YOU HAVE SEEN IT, WHAT WAS YOUR FRANK OPINION OF ITS VALUE AS A MEANS OF CORRECTLY INFORMING SOLDIERS WHY WE ARE FIGHTING?  179"," HAVE YOU SEEN THE ARMY FILM ""PRELUDE TO WAR""?  Q.62B. IF YOU HAVE SEEN IT, WHAT WAS YOUR FRANK OPINION OF ITS VALUE AS A MEANS OF CORRECTLY INFORMING SOLDIERS WHY WE ARE FIGHTING?"
281,S40O.Q62A.12.x,S40O.Q62A.12.x," HAVE YOU SEEN THE ARMY FILM ""PRELUDE TO WAR""?  Q.62B. IF YOU HAVE SEEN IT, WHAT WAS YOUR FRANK OPINION OF ITS VALUE AS A MEANS OF CORRECTLY INFORMING SOLDIERS WHY WE ARE FIGHTING?  8"," HAVE YOU SEEN THE ARMY FILM ""PRELUDE TO WAR""?  Q.62B. IF YOU HAVE SEEN IT, WHAT WAS YOUR FRANK OPINION OF ITS VALUE AS A MEANS OF CORRECTLY INFORMING SOLDIERS WHY WE ARE FIGHTING?"
282,S40O.Q63,S40O.Q63," DO THE SOLDIERS IN YOUR COMMAND REGULARLY SEE THE ""NEWSMAP"" DISTRIBUTED BY SPECIAL SERVICE?"," DO THE SOLDIERS IN YOUR COMMAND REGULARLY SEE THE ""NEWSMAP"" DISTRIBUTED BY SPECIAL SERVICE?"
283,S40O.Q64A,S40O.Q64A," DO YOU THINK THE ""NEWSMAP"" DOES IT JOB ADEQUATELY OR DO YOU THINK IT NEEDS IMPROVEMENT?"," DO YOU THINK THE ""NEWSMAP"" DOES IT JOB ADEQUATELY OR DO YOU THINK IT NEEDS IMPROVEMENT?"
284,S40O.Q65A,S40O.Q65A, DETAILED FACTUAL NEWS?,"PLEASE INDICATE BY CHECKING THE APPROPRIATE COLUMN FOR EACH OF THE ITEMS BELOW WHETHER YOU THINK ""NEWSMAP"" SHOULD CONTAIN MORE, LESS, OR ABOUT THE SAME AMOUNT OF EACH FEATURE THAN IT DOES AT PRESENT. DETAILED FACTUAL NEWS?"
285,S40O.Q65B,S40O.Q65B, MAPS OF BATTLE AREAS?,"PLEASE INDICATE BY CHECKING THE APPROPRIATE COLUMN FOR EACH OF THE ITEMS BELOW WHETHER YOU THINK ""NEWSMAP"" SHOULD CONTAIN MORE, LESS, OR ABOUT THE SAME AMOUNT OF EACH FEATURE THAN IT DOES AT PRESENT. MAPS OF BATTLE AREAS?"
286,S40O.Q65C,S40O.Q65C, INTERPRETATION OF RECENT NEWS?,"PLEASE INDICATE BY CHECKING THE APPROPRIATE COLUMN FOR EACH OF THE ITEMS BELOW WHETHER YOU THINK ""NEWSMAP"" SHOULD CONTAIN MORE, LESS, OR ABOUT THE SAME AMOUNT OF EACH FEATURE THAN IT DOES AT PRESENT. INTERPRETATION OF RECENT NEWS?"
287,S40O.Q65D,S40O.Q65D, ILLUSTRATIONS?,"PLEASE INDICATE BY CHECKING THE APPROPRIATE COLUMN FOR EACH OF THE ITEMS BELOW WHETHER YOU THINK ""NEWSMAP"" SHOULD CONTAIN MORE, LESS, OR ABOUT THE SAME AMOUNT OF EACH FEATURE THAN IT DOES AT PRESENT. ILLUSTRATIONS?"
288,S40O.Q65E.n,S40O.Q65E.n," IF YOU HAVE ANY OTHER SUGGESTIONS FOR THE IMPROVEMENT OF ""NEWSMAP"", PLEASE WRITE THEM HERE:"," IF YOU HAVE ANY OTHER SUGGESTIONS FOR THE IMPROVEMENT OF ""NEWSMAP"", PLEASE WRITE THEM HERE:"
289,S40O.Q66A.1,S40O.Q66A.1," IS ""NEWSMAP"" USED WITH LECTURES OR OTHER ORIENTATION SESSIONS IN YOUR COMPANY?  Q.66B. IF SO, HOW IS IT USED?"," IS ""NEWSMAP"" USED WITH LECTURES OR OTHER ORIENTATION SESSIONS IN YOUR COMPANY?  Q.66B. IF SO, HOW IS IT USED?"
290,S40O.Q66A.2,S40O.Q66A.2," IS ""NEWSMAP"" USED WITH LECTURES OR OTHER ORIENTATION SESSIONS IN YOUR COMPANY?  Q.66B. IF SO, HOW IS IT USED?  104"," IS ""NEWSMAP"" USED WITH LECTURES OR OTHER ORIENTATION SESSIONS IN YOUR COMPANY?  Q.66B. IF SO, HOW IS IT USED?  104"
291,S40O.Q66A.3,S40O.Q66A.3," IS ""NEWSMAP"" USED WITH LECTURES OR OTHER ORIENTATION SESSIONS IN YOUR COMPANY?  Q.66B. IF SO, HOW IS IT USED?  11"," IS ""NEWSMAP"" USED WITH LECTURES OR OTHER ORIENTATION SESSIONS IN YOUR COMPANY?  Q.66B. IF SO, HOW IS IT USED?  11"
292,S40O.Q66A.4,S40O.Q66A.4," IS ""NEWSMAP"" USED WITH LECTURES OR OTHER ORIENTATION SESSIONS IN YOUR COMPANY?  Q.66B. IF SO, HOW IS IT USED?  55"," IS ""NEWSMAP"" USED WITH LECTURES OR OTHER ORIENTATION SESSIONS IN YOUR COMPANY?  Q.66B. IF SO, HOW IS IT USED?  55"
293,S40O.Q66A.5,S40O.Q66A.5," IS ""NEWSMAP"" USED WITH LECTURES OR OTHER ORIENTATION SESSIONS IN YOUR COMPANY?  Q.66B. IF SO, HOW IS IT USED?  23"," IS ""NEWSMAP"" USED WITH LECTURES OR OTHER ORIENTATION SESSIONS IN YOUR COMPANY?  Q.66B. IF SO, HOW IS IT USED?  23"
294,S40O.Q66A.6,S40O.Q66A.6," IS ""NEWSMAP"" USED WITH LECTURES OR OTHER ORIENTATION SESSIONS IN YOUR COMPANY?  Q.66B. IF SO, HOW IS IT USED?  14"," IS ""NEWSMAP"" USED WITH LECTURES OR OTHER ORIENTATION SESSIONS IN YOUR COMPANY?  Q.66B. IF SO, HOW IS IT USED?  14"
295,S40O.Q66A.7,S40O.Q66A.7," IS ""NEWSMAP"" USED WITH LECTURES OR OTHER ORIENTATION SESSIONS IN YOUR COMPANY?  Q.66B. IF SO, HOW IS IT USED?  383"," IS ""NEWSMAP"" USED WITH LECTURES OR OTHER ORIENTATION SESSIONS IN YOUR COMPANY?  Q.66B. IF SO, HOW IS IT USED?  383"
296,S40O.Q66A.8,S40O.Q66A.8," IS ""NEWSMAP"" USED WITH LECTURES OR OTHER ORIENTATION SESSIONS IN YOUR COMPANY?  Q.66B. IF SO, HOW IS IT USED?  38"," IS ""NEWSMAP"" USED WITH LECTURES OR OTHER ORIENTATION SESSIONS IN YOUR COMPANY?  Q.66B. IF SO, HOW IS IT USED?  38"
297,S40O.Q66A.9,S40O.Q66A.9," IS ""NEWSMAP"" USED WITH LECTURES OR OTHER ORIENTATION SESSIONS IN YOUR COMPANY?  Q.66B. IF SO, HOW IS IT USED?  182"," IS ""NEWSMAP"" USED WITH LECTURES OR OTHER ORIENTATION SESSIONS IN YOUR COMPANY?  Q.66B. IF SO, HOW IS IT USED?  182"
298,S40O.Q66A.10,S40O.Q66A.10," IS ""NEWSMAP"" USED WITH LECTURES OR OTHER ORIENTATION SESSIONS IN YOUR COMPANY?  Q.66B. IF SO, HOW IS IT USED?  1033"," IS ""NEWSMAP"" USED WITH LECTURES OR OTHER ORIENTATION SESSIONS IN YOUR COMPANY?  Q.66B. IF SO, HOW IS IT USED?  1033"
299,S40O.Q66A.11,S40O.Q66A.11," IS ""NEWSMAP"" USED WITH LECTURES OR OTHER ORIENTATION SESSIONS IN YOUR COMPANY?  Q.66B. IF SO, HOW IS IT USED?  102"," IS ""NEWSMAP"" USED WITH LECTURES OR OTHER ORIENTATION SESSIONS IN YOUR COMPANY?  Q.66B. IF SO, HOW IS IT USED?  102"
300,S40O.Q66A.12,S40O.Q66A.12," IS ""NEWSMAP"" USED WITH LECTURES OR OTHER ORIENTATION SESSIONS IN YOUR COMPANY?  Q.66B. IF SO, HOW IS IT USED?  53"," IS ""NEWSMAP"" USED WITH LECTURES OR OTHER ORIENTATION SESSIONS IN YOUR COMPANY?  Q.66B. IF SO, HOW IS IT USED?  53"
301,S40O.Q67A,S40O.Q67A, DO THE MEN IN YOUR COMPANY HEAR THE DAILY NEWS SUMMARY SENT OUT BY THE WAR DEPARTMENT?, DO THE MEN IN YOUR COMPANY HEAR THE DAILY NEWS SUMMARY SENT OUT BY THE WAR DEPARTMENT?
302,S40O.Q67B.n,S40O.Q67B.n," IF ""YES"", WHAT METHOD IS USED TO PRESENT THE NEWS SUMMARY?"," IF ""YES"", WHAT METHOD IS USED TO PRESENT THE NEWS SUMMARY?"
303,CARD..4,CARD..4,CARD.,CARD.
304,DECK..4,DECK..4,DECK.,DECK.
305,BALLOT..4,BALLOT..4,BALLOT.,BALLOT.
306,FORM..4,FORM..4,FORM.,FORM.
307,S40O.Q68A.x,S40O.Q68A.x," HAVE THE MEN IN YOUR COMPANY BEEN GIVEN ANY TALKS WITHIN THE PAST SEVEN DAYS ON THE WAR OR OTHER CURRENT EVENTS?  Q.68B. IF ""YES"", HOW MANY SUCH TALKS HAVE THEY BEEN GIVEN IN THE PAST WEEK?"," HAVE THE MEN IN YOUR COMPANY BEEN GIVEN ANY TALKS WITHIN THE PAST SEVEN DAYS ON THE WAR OR OTHER CURRENT EVENTS?  Q.68B. IF ""YES"", HOW MANY SUCH TALKS HAVE THEY BEEN GIVEN IN THE PAST WEEK?"
308,S40O.Q68C.n,S40O.Q68C.n, WHO GAVE THE LAST TALK OF THIS KIND?, WHO GAVE THE LAST TALK OF THIS KIND?
309,S40O.Q70,S40O.Q70," DO YOU THINK THAT PROBLEMS OF POST-WAR LIFE SUCH AS SOCIAL SECURITY, FULL EMPLOYMENT AND WORKING CONDITIONS IN THIS COUNTRY ARE GETTING ENOUGH ATTENTION AT THE PRESENT TIME OR NOT?"," DO YOU THINK THAT PROBLEMS OF POST-WAR LIFE SUCH AS SOCIAL SECURITY, FULL EMPLOYMENT AND WORKING CONDITIONS IN THIS COUNTRY ARE GETTING ENOUGH ATTENTION AT THE PRESENT TIME OR NOT?"
310,S40O.Q71,S40O.Q71, ABOUT HOW MANY MEN IN YOUR COMPANY DO YOU THINK SHOULD BE ENCOURAGED TO TAKE CORRESPONDENCE COURSES WHILE IN THE ARMY?, ABOUT HOW MANY MEN IN YOUR COMPANY DO YOU THINK SHOULD BE ENCOURAGED TO TAKE CORRESPONDENCE COURSES WHILE IN THE ARMY?
311,S40O.Q72,S40O.Q72, DO YOU THINK THAT YOUR ENLISTED MEN WOULD HAVE TIME NOW TO TAKE CORRESPONDENCE COURSES?, DO YOU THINK THAT YOUR ENLISTED MEN WOULD HAVE TIME NOW TO TAKE CORRESPONDENCE COURSES?
312,S40O.Q73,S40O.Q73," IF THE ARMED FORCES INSTITUTE SHOULD OFFER SELF- INSTRUCTION AND CORRESPONDENCE COURSES TO OFFICERS AT COST, WOULD YOU BE INTERESTED IN TAKING A COURSE OF ANY SORT?"," IF THE ARMED FORCES INSTITUTE SHOULD OFFER SELF- INSTRUCTION AND CORRESPONDENCE COURSES TO OFFICERS AT COST, WOULD YOU BE INTERESTED IN TAKING A COURSE OF ANY SORT?"
313,S40O.Q74.n,S40O.Q74.n," WHAT SPECIFIC COURSE, IF ANY, WOULD YOU BE INTERESTED IN TAKING?"," WHAT SPECIFIC COURSE, IF ANY, WOULD YOU BE INTERESTED IN TAKING?"
314,S40O.Q75,S40O.Q75, DO YOU THINK YOU WOULD HAVE TIME TO TAKE A SELF- INSTRUCTION OR CORRESPONDENCE COURSE?, DO YOU THINK YOU WOULD HAVE TIME TO TAKE A SELF- INSTRUCTION OR CORRESPONDENCE COURSE?
315,S40O.Q76,S40O.Q76," ON THE BASIS OF YOUR EXPERIENCE AS A STUDENT IN ARMY SCHOOLS AND COURSES, WHICH ONE OR WHICH COMBINATION OF THE FOLLOWING TEACHING AIDS DO YOU CONSIDER TO BE THE MOST EFFECTIVE IN GETTING A SUBJECT ACROSS?"," ON THE BASIS OF YOUR EXPERIENCE AS A STUDENT IN ARMY SCHOOLS AND COURSES, WHICH ONE OR WHICH COMBINATION OF THE FOLLOWING TEACHING AIDS DO YOU CONSIDER TO BE THE MOST EFFECTIVE IN GETTING A SUBJECT ACROSS?"
316,S40O.Q77,S40O.Q77," THERE HAS BEEN MUCH DISCUSSION ABOUT THE VALUE OF A ""SINGING ARMY"". DO YOU PERSONALLY FEEL THAT SINGING MAKES THE SOLDIER'S JOB EASIER OR NOT?"," THERE HAS BEEN MUCH DISCUSSION ABOUT THE VALUE OF A ""SINGING ARMY"". DO YOU PERSONALLY FEEL THAT SINGING MAKES THE SOLDIER'S JOB EASIER OR NOT?"
317,S40O.Q78,S40O.Q78, DO YOU FEEL THAT SOLDIERS IN YOUR COMMAND ARE GIVEN ENOUGH ENCOURAGEMENT TO SING TOGETHER OR NOT?, DO YOU FEEL THAT SOLDIERS IN YOUR COMMAND ARE GIVEN ENOUGH ENCOURAGEMENT TO SING TOGETHER OR NOT?
318,S40O.Q79.1,S40O.Q79.1," WHAT ONE FORM OF SELF-ENTERTAINMENT IS THE MOST SUITABLE FOR SOLDIERS WHEN MOVIES, RADIOS AND OTHER FACILITIES FOR MASS ENTERTAINMENT ARE NOT FULLY AVAILABLE?"," WHAT ONE FORM OF SELF-ENTERTAINMENT IS THE MOST SUITABLE FOR SOLDIERS WHEN MOVIES, RADIOS AND OTHER FACILITIES FOR MASS ENTERTAINMENT ARE NOT FULLY AVAILABLE?"
319,S40O.Q79.2,S40O.Q79.2," WHAT ONE FORM OF SELF-ENTERTAINMENT IS THE MOST SUITABLE FOR SOLDIERS WHEN MOVIES, RADIOS AND OTHER FACILITIES FOR MASS ENTERTAINMENT ARE NOT FULLY AVAILABLE?  146"," WHAT ONE FORM OF SELF-ENTERTAINMENT IS THE MOST SUITABLE FOR SOLDIERS WHEN MOVIES, RADIOS AND OTHER FACILITIES FOR MASS ENTERTAINMENT ARE NOT FULLY AVAILABLE?"
320,S40O.Q79.3,S40O.Q79.3," WHAT ONE FORM OF SELF-ENTERTAINMENT IS THE MOST SUITABLE FOR SOLDIERS WHEN MOVIES, RADIOS AND OTHER FACILITIES FOR MASS ENTERTAINMENT ARE NOT FULLY AVAILABLE?  254"," WHAT ONE FORM OF SELF-ENTERTAINMENT IS THE MOST SUITABLE FOR SOLDIERS WHEN MOVIES, RADIOS AND OTHER FACILITIES FOR MASS ENTERTAINMENT ARE NOT FULLY AVAILABLE?"
321,S40O.Q79.4,S40O.Q79.4," WHAT ONE FORM OF SELF-ENTERTAINMENT IS THE MOST SUITABLE FOR SOLDIERS WHEN MOVIES, RADIOS AND OTHER FACILITIES FOR MASS ENTERTAINMENT ARE NOT FULLY AVAILABLE?  112"," WHAT ONE FORM OF SELF-ENTERTAINMENT IS THE MOST SUITABLE FOR SOLDIERS WHEN MOVIES, RADIOS AND OTHER FACILITIES FOR MASS ENTERTAINMENT ARE NOT FULLY AVAILABLE?"
322,S40O.Q79.5,S40O.Q79.5," WHAT ONE FORM OF SELF-ENTERTAINMENT IS THE MOST SUITABLE FOR SOLDIERS WHEN MOVIES, RADIOS AND OTHER FACILITIES FOR MASS ENTERTAINMENT ARE NOT FULLY AVAILABLE?  134"," WHAT ONE FORM OF SELF-ENTERTAINMENT IS THE MOST SUITABLE FOR SOLDIERS WHEN MOVIES, RADIOS AND OTHER FACILITIES FOR MASS ENTERTAINMENT ARE NOT FULLY AVAILABLE?"
323,S40O.Q79.6,S40O.Q79.6," WHAT ONE FORM OF SELF-ENTERTAINMENT IS THE MOST SUITABLE FOR SOLDIERS WHEN MOVIES, RADIOS AND OTHER FACILITIES FOR MASS ENTERTAINMENT ARE NOT FULLY AVAILABLE?  141"," WHAT ONE FORM OF SELF-ENTERTAINMENT IS THE MOST SUITABLE FOR SOLDIERS WHEN MOVIES, RADIOS AND OTHER FACILITIES FOR MASS ENTERTAINMENT ARE NOT FULLY AVAILABLE?"
324,S40O.Q79.7,S40O.Q79.7," WHAT ONE FORM OF SELF-ENTERTAINMENT IS THE MOST SUITABLE FOR SOLDIERS WHEN MOVIES, RADIOS AND OTHER FACILITIES FOR MASS ENTERTAINMENT ARE NOT FULLY AVAILABLE?  43"," WHAT ONE FORM OF SELF-ENTERTAINMENT IS THE MOST SUITABLE FOR SOLDIERS WHEN MOVIES, RADIOS AND OTHER FACILITIES FOR MASS ENTERTAINMENT ARE NOT FULLY AVAILABLE?"
325,S40O.Q79.8,S40O.Q79.8," WHAT ONE FORM OF SELF-ENTERTAINMENT IS THE MOST SUITABLE FOR SOLDIERS WHEN MOVIES, RADIOS AND OTHER FACILITIES FOR MASS ENTERTAINMENT ARE NOT FULLY AVAILABLE?  8"," WHAT ONE FORM OF SELF-ENTERTAINMENT IS THE MOST SUITABLE FOR SOLDIERS WHEN MOVIES, RADIOS AND OTHER FACILITIES FOR MASS ENTERTAINMENT ARE NOT FULLY AVAILABLE?"
326,S40O.Q79.9,S40O.Q79.9," WHAT ONE FORM OF SELF-ENTERTAINMENT IS THE MOST SUITABLE FOR SOLDIERS WHEN MOVIES, RADIOS AND OTHER FACILITIES FOR MASS ENTERTAINMENT ARE NOT FULLY AVAILABLE?  5"," WHAT ONE FORM OF SELF-ENTERTAINMENT IS THE MOST SUITABLE FOR SOLDIERS WHEN MOVIES, RADIOS AND OTHER FACILITIES FOR MASS ENTERTAINMENT ARE NOT FULLY AVAILABLE?"
327,S40O.Q79.10,S40O.Q79.10," WHAT ONE FORM OF SELF-ENTERTAINMENT IS THE MOST SUITABLE FOR SOLDIERS WHEN MOVIES, RADIOS AND OTHER FACILITIES FOR MASS ENTERTAINMENT ARE NOT FULLY AVAILABLE?  189"," WHAT ONE FORM OF SELF-ENTERTAINMENT IS THE MOST SUITABLE FOR SOLDIERS WHEN MOVIES, RADIOS AND OTHER FACILITIES FOR MASS ENTERTAINMENT ARE NOT FULLY AVAILABLE?"
328,S40O.Q79.11,S40O.Q79.11," WHAT ONE FORM OF SELF-ENTERTAINMENT IS THE MOST SUITABLE FOR SOLDIERS WHEN MOVIES, RADIOS AND OTHER FACILITIES FOR MASS ENTERTAINMENT ARE NOT FULLY AVAILABLE?  26"," WHAT ONE FORM OF SELF-ENTERTAINMENT IS THE MOST SUITABLE FOR SOLDIERS WHEN MOVIES, RADIOS AND OTHER FACILITIES FOR MASS ENTERTAINMENT ARE NOT FULLY AVAILABLE?"
329,S40O.Q80,S40O.Q80, HOW MUCH ENCOURAGEMENT SHOULD MEN BE GIVEN TO RELY ON THEMSELVES FOR SELF-ENTERTAINMENT?, HOW MUCH ENCOURAGEMENT SHOULD MEN BE GIVEN TO RELY ON THEMSELVES FOR SELF-ENTERTAINMENT?
330,S40O.Q81,S40O.Q81, WHICH OF THE FOLLOWING METHODS DO YOU THINK THE ENLISTED MEN SHOULD BE ENCOURAGED MOST TO FOLLOW IN SAVING A PART OF THEIR PAY?, WHICH OF THE FOLLOWING METHODS DO YOU THINK THE ENLISTED MEN SHOULD BE ENCOURAGED MOST TO FOLLOW IN SAVING A PART OF THEIR PAY?
331,S40O.Q82,S40O.Q82, DO YOU THINK ENLISTED MEN ARE RECEIVING ENOUGH ENCOURAGEMENT TO USE THE FINANCE OFFICE DEPOSIT PLAN?, DO YOU THINK ENLISTED MEN ARE RECEIVING ENOUGH ENCOURAGEMENT TO USE THE FINANCE OFFICE DEPOSIT PLAN?
332,S40O.Q83,S40O.Q83," DO YOU THINK ENLISTED MEN ARE RECEIVING ENOUGH ENCOURAGEMENT TO BUY THE FULL $10,000 OF GOVERNMENT INSURANCE?"," DO YOU THINK ENLISTED MEN ARE RECEIVING ENOUGH ENCOURAGEMENT TO BUY THE FULL $10,000 OF GOVERNMENT INSURANCE?"
333,S40O.Q84,S40O.Q84, DO YOU THINK ENLISTED MEN ARE RECEIVING ENOUGH ENCOURAGEMENT TO BUY WAR BONDS AND STAMPS?, DO YOU THINK ENLISTED MEN ARE RECEIVING ENOUGH ENCOURAGEMENT TO BUY WAR BONDS AND STAMPS?
334,S40O.Q85,S40O.Q85, HAVE YOU MADE ALL OF THE ARRANGEMENTS FOR YOUR PERSONAL AND FINANCIAL AFFAIRS THAT YOU WOULD NEED TO MAKE IN THE EVENT YOU ARE TO GO OVERSEAS?, HAVE YOU MADE ALL OF THE ARRANGEMENTS FOR YOUR PERSONAL AND FINANCIAL AFFAIRS THAT YOU WOULD NEED TO MAKE IN THE EVENT YOU ARE TO GO OVERSEAS?
335,S40O.Q86A,S40O.Q86A, MADE A WILL?, MADE A WILL?
336,S40O.Q86B,S40O.Q86B, GRANTED A POWER OF ATTORNEY?, GRANTED A POWER OF ATTORNEY?
337,S40O.Q86C,S40O.Q86C," TOLD MY DEPENDENTS ALL THEY NEED TO KNOW ABOUT ALLOTMENTS, INSURANCE, ETC.?"," TOLD MY DEPENDENTS ALL THEY NEED TO KNOW ABOUT ALLOTMENTS, INSURANCE, ETC.?"
338,S40O.Q86D,S40O.Q86D, TOLD MY DEPENDENTS ABOUT THEIR RIGHTS TO ARMY MEDICAL CARE?, TOLD MY DEPENDENTS ABOUT THEIR RIGHTS TO ARMY MEDICAL CARE?
339,S40O.Q87,S40O.Q87, WHAT STEPS HAVE BEEN TAKEN IN YOUR COMPANY TO GET THE MEN TO MAKE SUCH ARRANGEMENTS AS THOSE JUST MENTIONED BEFORE THEY GO OVERSEAS?, WHAT STEPS HAVE BEEN TAKEN IN YOUR COMPANY TO GET THE MEN TO MAKE SUCH ARRANGEMENTS AS THOSE JUST MENTIONED BEFORE THEY GO OVERSEAS?
340,S40O.V88,S40O.V88, UNDESIGNATED CODE - POSSIBLE STAGE OF TRAINING:  ANP, UNDESIGNATED CODE - POSSIBLE STAGE OF TRAINING:  ANP
341,S40O.V89,S40O.V89, CAMP AND OUTFIT IDENTIFICATION:, CAMP AND OUTFIT IDENTIFICATION:
