BI,DataBridge
AMS032N.sav,AMS32N_CLEAN_NOM.sav
AMS032W.sav,AMS32W_CLEAN_NOM.sav
AMS0035.sav,AMS35_CLEAN_NOM.sav
AMS040E.sav,AMS40E_CLEAN_NOM.sav
AMS040O.sav,AMS40O_CLEAN_NOM.sav
AMS044I.sav,AMS44I_CLEAN_NOM.sav
AMS0044T.sav,AMS44T_CLEAN_NOM.sav
AMS044X.sav,AMS44X_CLEAN_NOM.sav
AMS0047.sav,AMS47_CLEAN_NOM.sav
AMS063A.sav,AMS63A_CLEAN_NOM.sav
AMS063B.sav,AMS63B_CLEAN_NOM.sav
AMS063C.sav,AMS63C_CLEAN_NOM.sav
AMS063D.sav,AMS63D_CLEAN_NOM.sav
AMS063E.sav,AMS63E_CLEAN_NOM.sav
AMS063F.sav,AMS63F_CLEAN_NOM.sav
AMS063G.sav,AMS63G_CLEAN_NOM.sav
AMS0064.sav,AMS64_CLEAN_NOM.sav
AMS0068.sav,AMS68_CLEAN_NOM.sav
AMS0072.sav,AMS72_CLEAN_NOM.sav
AMS0074.sav,AMS74_CLEAN_NOM.sav
AMS0076.sav,AMS76_CLEAN_NOM.sav
AMS077A.sav,AMS77A_CLEAN_NOM.sav
AMS077B.sav,AMS77B_CLEAN_NOM.sav
AMS0079.sav,AMS79_CLEAN_NOM.sav
AMS0083.sav,AMS83_CLEAN_NOM.sav
AMS0085.sav,AMS85_CLEAN_NOM.sav
AMS0086.sav,AMS86_CLEAN_NOM.sav
AMS0087.sav,AMS87_CLEAN_NOM.sav
AMS0091.sav,AMS91_CLEAN_NOM.sav
AMS0092.sav,AMS92_CLEAN_NOM.sav
AMS0093.sav,AMS93_CLEAN_NOM.sav
AMS100A.sav,AMS100A_CLEAN_NOM.sav
AMS100B.sav,AMS100B_CLEAN_NOM.sav
AMS100C.sav,AMS100C_CLEAN_NOM.sav
AMS100D.sav,AMS100D_CLEAN_NOM.sav
AMS100E.sav,AMS100E_CLEAN_NOM.sav
AMS100F.sav,AMS100F_CLEAN_NOM.sav
AMS100G.sav,AMS100G_CLEAN_NOM.sav
AMS101B.sav,AMS101B_CLEAN_NOM.sav
AMS101C.sav,AMS101C_CLEAN_NOM.sav
AMS101D.sav,AMS101D_CLEAN_NOM.sav
AMS101E.sav,AMS101E_CLEAN_NOM.sav
AMS101F.sav,AMS101F_CLEAN_NOM.sav
AMS106EE.sav,AMS106EE_CLEAN_NOM.sav
AMS106EH.sav,AMS106EH_CLEAN_NOM.sav
AMS106EU.sav,AMS106EU_CLEAN_NOM.sav
AMS106OE.sav,AMS106OE_CLEAN_NOM.sav
AMS106OH.sav,AMS106OH_CLEAN_NOM.sav
AMS106OU.sav,AMS106OU_CLEAN_NOM.sav
AMS107E.sav,AMS107E_CLEAN_NOM.sav
AMS107O.sav,AMS107O_CLEAN_NOM.sav
AMS0108.sav,AMS108_CLEAN_NOM.sav
AMS0112.sav,AMS112_CLEAN_NOM.sav
AMS0113.sav,AMS113_CLEAN_NOM.sav
AMS115A.sav,AMS115A_CLEAN_NOM.sav
AMS115B.sav,AMS115B_CLEAN_NOM.sav
AMS115C.sav,AMS115C_CLEAN_NOM.sav
AMS0116.sav,AMS116_CLEAN_NOM.sav
AMS0122.sav,AMS122_CLEAN_NOM.sav
AMS0125.sav,AMS125_CLEAN_NOM.sav
AMS0126.sav,AMS126_CLEAN_NOM.sav
AMS0127.sav,AMS127_CLEAN_NOM.sav
AMS0131.sav,AMS131_CLEAN_NOM.sav
AMS132A.sav,AMS132A_CLEAN_NOM.sav
AMS132B.sav,AMS132B_CLEAN_NOM.sav
AMS132C.sav,AMS132C_CLEAN_NOM.sav
AMS133A.sav,AMS133A_CLEAN_NOM.sav
AMS133B.sav,AMS133B_CLEAN_NOM.sav
AMS0134.sav,AMS134_CLEAN_NOM.sav
AMS135A.sav,AMS135A_CLEAN_NOM.sav
AMS135B.sav,AMS135B_CLEAN_NOM.sav
AMS0136.sav,AMS136_CLEAN_NOM.sav
AMS0141.sav,AMS141_CLEAN_NOM.sav
AMS0142.sav,AMS142_CLEAN_NOM.sav
AMS0144.sav,AMS144_CLEAN_NOM.sav
AMS0145.sav,AMS145_CLEAN_NOM.sav
AMS0146.sav,AMS146_CLEAN_NOM.sav
AMS0150.sav,AMS150_CLEAN_NOM.sav
AMS157E.sav,AMS157E_CLEAN_NOM.sav
AMS157O.sav,AMS157O_CLEAN_NOM.sav
AMS0159.sav,AMS159_CLEAN_NOM.sav
AMS160A.sav,AMS160A_CLEAN_NOM.sav
AMS160B.sav,AMS160B_CLEAN_NOM.sav
AMS0170.sav,AMS170_CLEAN_NOM.sav
AMS0172.sav,AMS172_CLEAN_NOM.sav
AMS0174.sav,AMS174_CLEAN_NOM.sav
AMS0175.sav,AMS175_CLEAN_NOM.sav
AMS0177.sav,AMS177_CLEAN_NOM.sav
AMS0181.sav,AMS181_CLEAN_NOM.sav
AMS186B.sav,AMS186B_CLEAN_NOM.sav
AMS0189.sav,AMS189_CLEAN_NOM.sav
AMS192A.sav,AMS192A_CLEAN_NOM.sav
AMS192B.sav,AMS192B_CLEAN_NOM.sav
AMS0193.sav,AMS193_CLEAN_NOM.sav
AMS0194.sav,AMS194_CLEAN_NOM.sav
AMS195A.sav,AMS195A_CLEAN_NOM.sav
AMS195B.sav,AMS195B_CLEAN_NOM.sav
AMS195C.sav,AMS195C_CLEAN_NOM.sav
AMS0196.sav,AMS196_CLEAN_NOM.sav
AMS198E.sav,AMS198E_CLEAN_NOM.sav
AMS198O.sav,AMS198O_CLEAN_NOM.sav
AMS198RO.sav,AMS198RO_CLEAN_NOM.sav
AMS0199.sav,AMS199_CLEAN_NOM.sav
AMS203A.sav,AMS203A_CLEAN_NOM.sav
AMS203B.sav,AMS203B_CLEAN_NOM.sav
AMS0204.sav,AMS204_CLEAN_NOM.sav
AMS205C.sav,AMS205C_CLEAN_NOM.sav
AMS205E.sav,AMS205E_CLEAN_NOM.sav
AMS205I.sav,AMS205I_CLEAN_NOM.sav
AMS205U.sav,AMS205U_CLEAN_NOM.sav
AMS207F.sav,AMS207F_CLEAN_NOM.sav
AMS207G.sav,AMS207G_CLEAN_NOM.sav
AMS0210.sav,AMS210_CLEAN_NOM.sav
AMS211A.sav,AMS211A_CLEAN_NOM.sav
AMS211B.sav,AMS211B_CLEAN_NOM.sav
AMS0212.sav,AMS212_CLEAN_NOM.sav
AMS0213.sav,AMS213_CLEAN_NOM.sav
AMS0214.sav,AMS214_CLEAN_NOM.sav
AMS0215.sav,AMS215_CLEAN_NOM.sav
AMS218C.sav,AMS218C_CLEAN_NOM.sav
AMS218I.sav,AMS218I_CLEAN_NOM.sav
AMS218U.sav,AMS218U_CLEAN_NOM.sav
AMS219A.sav,AMS219A_CLEAN_NOM.sav
AMS219B.sav,AMS219B_CLEAN_NOM.sav
AMS219C.sav,AMS219C_CLEAN_NOM.sav
AMS0224.sav,AMS224_CLEAN_NOM.sav
AMS0227.sav,AMS227_CLEAN_NOM.sav
AMS0230.sav,AMS230_CLEAN_NOM.sav
AMS0232.sav,AMS232_CLEAN_NOM.sav
AMS0233.sav,AMS233_CLEAN_NOM.sav
AMS234AE.sav,AMS234AE_CLEAN_NOM.sav
AMS234AO.sav,AMS234AO_CLEAN_NOM.sav
AMS234BE.sav,AMS234BE_CLEAN_NOM.sav
AMS234BO.sav,AMS234BO_CLEAN_NOM.sav
AMS0235.sav,AMS235_CLEAN_NOM.sav
AMSPS04.sav,PS4_CLEAN_NOM.sav
AMSPS5A.sav,PS5A_CLEAN_NOM.sav
AMSPS5B.sav,PS5B_CLEAN_NOM.sav
,
,AMS218U_B_CLEAN_NOM.sav